dataset_vehicle_code,alarm_id,telemetry_id,video_file_id,channel,created_at_utc,event_type,event_begin_utc,event_end_utc,unit_id,unit_name,unit_state_number,expected_size_from_alarm_bytes,download_endpoint_attempted,local_path,download_status,size_bytes,download_http_status,content_type,server_filename,media_filename,media_relative_path,duration_seconds,video_width,video_height,video_codec
M477YM790,03012ab5-5dcd-4f30-bbfa-5ce12499e4ea,a0eef84a-8f2a-42da-89ea-b54702e6e37a,e3ee071d-ccdc-49b7-a307-4c9ca8df1b8f,3,2026-05-14T23:37:50.481808Z,Yawning,2026-05-14T23:37:22Z,2026-05-14T23:37:32Z,b5f05f9a-b7b9-442c-bccf-a86469c499f1,M477YM790,M477YM790,2095419,GET https://vasign.skai.online/media-files/data/{video_file_id},datasets/media/video_events/M477YM790__202605142337__Yawning__alarm_03012ab5__ch3__e3ee071d-ccdc-49b7-a307-4c9ca8df1b8f.mp4,downloaded,859313,200,video/mp4,,M477YM790__202605142337__Yawning__alarm_03012ab5__ch3__e3ee071d-ccdc-49b7-a307-4c9ca8df1b8f.mp4,datasets/media/video_events/M477YM790__202605142337__Yawning__alarm_03012ab5__ch3__e3ee071d-ccdc-49b7-a307-4c9ca8df1b8f.mp4,10.075,288,352,h264
M477YM790,03012ab5-5dcd-4f30-bbfa-5ce12499e4ea,a0eef84a-8f2a-42da-89ea-b54702e6e37a,68803941-fd41-4d84-90a1-a2bcee5fc8c7,1,2026-05-14T23:37:44.307592Z,Yawning,2026-05-14T23:37:22Z,2026-05-14T23:37:32Z,b5f05f9a-b7b9-442c-bccf-a86469c499f1,M477YM790,M477YM790,2095419,GET https://vasign.skai.online/media-files/data/{video_file_id},datasets/media/video_events/M477YM790__202605142337__Yawning__alarm_03012ab5__ch1__68803941-fd41-4d84-90a1-a2bcee5fc8c7.mp4,downloaded,731733,200,video/mp4,,M477YM790__202605142337__Yawning__alarm_03012ab5__ch1__68803941-fd41-4d84-90a1-a2bcee5fc8c7.mp4,datasets/media/video_events/M477YM790__202605142337__Yawning__alarm_03012ab5__ch1__68803941-fd41-4d84-90a1-a2bcee5fc8c7.mp4,12.079,352,288,h264
M477YM790,03012ab5-5dcd-4f30-bbfa-5ce12499e4ea,a0eef84a-8f2a-42da-89ea-b54702e6e37a,d8d832ee-0466-489a-9ac7-bb7029ce1100,2,2026-05-14T23:37:46.878105Z,Yawning,2026-05-14T23:37:22Z,2026-05-14T23:37:32Z,b5f05f9a-b7b9-442c-bccf-a86469c499f1,M477YM790,M477YM790,2095419,GET https://vasign.skai.online/media-files/data/{video_file_id},datasets/media/video_events/M477YM790__202605142337__Yawning__alarm_03012ab5__ch2__d8d832ee-0466-489a-9ac7-bb7029ce1100.mp4,downloaded,504373,200,video/mp4,,M477YM790__202605142337__Yawning__alarm_03012ab5__ch2__d8d832ee-0466-489a-9ac7-bb7029ce1100.mp4,datasets/media/video_events/M477YM790__202605142337__Yawning__alarm_03012ab5__ch2__d8d832ee-0466-489a-9ac7-bb7029ce1100.mp4,12.045,352,288,h264
V224BB125,05977363-5b3f-4bd0-8a62-401d7a84be17,eca065a3-57f2-4cd3-aff9-a2c4efee0b76,b7e66948-76fa-4d85-876a-dcc53d48adf4,1,2026-05-14T21:15:09.380927Z,SeatBelt,2026-05-14T21:14:34Z,2026-05-14T21:16:06Z,35465f3f-e01b-4f1b-a750-39a40af5bdff,В224ВВ125,В224ВВ125,1591149,GET https://vasign.skai.online/media-files/data/{video_file_id},datasets/media/video_events/V224BB125__202605142114__SeatBelt__alarm_05977363__ch1__b7e66948-76fa-4d85-876a-dcc53d48adf4.mp4,downloaded,234771,200,video/mp4,00E400AFD2-1-1-1-91-1315-20260515-071429.mp4,V224BB125__202605142114__SeatBelt__alarm_05977363__ch1__b7e66948-76fa-4d85-876a-dcc53d48adf4.mp4,datasets/media/video_events/V224BB125__202605142114__SeatBelt__alarm_05977363__ch1__b7e66948-76fa-4d85-876a-dcc53d48adf4.mp4,10.005,352,288,h264
V224BB125,05977363-5b3f-4bd0-8a62-401d7a84be17,eca065a3-57f2-4cd3-aff9-a2c4efee0b76,1ca33063-5062-4bac-a7ee-d07007b9b31f,5,2026-05-14T21:15:20.189243Z,SeatBelt,2026-05-14T21:14:34Z,2026-05-14T21:16:06Z,35465f3f-e01b-4f1b-a750-39a40af5bdff,В224ВВ125,В224ВВ125,1591149,GET https://vasign.skai.online/media-files/data/{video_file_id},datasets/media/video_events/V224BB125__202605142114__SeatBelt__alarm_05977363__ch5__1ca33063-5062-4bac-a7ee-d07007b9b31f.mp4,downloaded,1356378,200,video/mp4,00E400AFD2-5-1-1-92-1315-20260515-071429.mp4,V224BB125__202605142114__SeatBelt__alarm_05977363__ch5__1ca33063-5062-4bac-a7ee-d07007b9b31f.mp4,datasets/media/video_events/V224BB125__202605142114__SeatBelt__alarm_05977363__ch5__1ca33063-5062-4bac-a7ee-d07007b9b31f.mp4,12.044,360,640,h264
V224BB125,106c40d5-ee6a-4691-a97a-9762c7f34c02,e630d853-b4ee-49c1-8db3-2d49871a22da,37808718-5637-4719-8313-8365e3231f22,1,2026-05-14T23:41:12.285985Z,Smoking,2026-05-14T23:40:44Z,2026-05-14T23:55:09Z,35465f3f-e01b-4f1b-a750-39a40af5bdff,В224ВВ125,В224ВВ125,1664877,GET https://vasign.skai.online/media-files/data/{video_file_id},datasets/media/video_events/V224BB125__202605142340__Smoking__alarm_106c40d5__ch1__37808718-5637-4719-8313-8365e3231f22.mp4,downloaded,460303,200,video/mp4,00E400AFD2-1-1-1-97-1317-20260515-094039.mp4,V224BB125__202605142340__Smoking__alarm_106c40d5__ch1__37808718-5637-4719-8313-8365e3231f22.mp4,datasets/media/video_events/V224BB125__202605142340__Smoking__alarm_106c40d5__ch1__37808718-5637-4719-8313-8365e3231f22.mp4,12.005,352,288,h264
V224BB125,106c40d5-ee6a-4691-a97a-9762c7f34c02,e630d853-b4ee-49c1-8db3-2d49871a22da,42501db6-254a-4db8-b0ce-2bc361b55dee,5,2026-05-14T23:41:22.821548Z,Smoking,2026-05-14T23:40:44Z,2026-05-14T23:55:09Z,35465f3f-e01b-4f1b-a750-39a40af5bdff,В224ВВ125,В224ВВ125,1664877,GET https://vasign.skai.online/media-files/data/{video_file_id},datasets/media/video_events/V224BB125__202605142340__Smoking__alarm_106c40d5__ch5__42501db6-254a-4db8-b0ce-2bc361b55dee.mp4,downloaded,1204574,200,video/mp4,00E400AFD2-5-1-1-98-1317-20260515-094039.mp4,V224BB125__202605142340__Smoking__alarm_106c40d5__ch5__42501db6-254a-4db8-b0ce-2bc361b55dee.mp4,datasets/media/video_events/V224BB125__202605142340__Smoking__alarm_106c40d5__ch5__42501db6-254a-4db8-b0ce-2bc361b55dee.mp4,10.049,360,640,h264
A079AM250,11118a13-d10a-4428-8cdd-f8d7f6ce0698,28906868-3465-482f-8c8c-a21c33a61b10,384f367a-e8b7-4a6b-b993-30e8cbde6d06,1,2026-05-14T19:56:17.487288Z,Yawning,2026-05-14T19:55:55Z,2026-05-14T19:56:06Z,879edff3-be37-478e-a665-8c674a8661b4,A079AM250,A079AM250,2132667,GET https://vasign.skai.online/media-files/data/{video_file_id},datasets/media/video_events/A079AM250__202605141955__Yawning__alarm_11118a13__ch1__384f367a-e8b7-4a6b-b993-30e8cbde6d06.mp4,downloaded,690073,200,video/mp4,00D2043181-1-1-1-156-2359-20260514-225550.mp4,A079AM250__202605141955__Yawning__alarm_11118a13__ch1__384f367a-e8b7-4a6b-b993-30e8cbde6d06.mp4,datasets/media/video_events/A079AM250__202605141955__Yawning__alarm_11118a13__ch1__384f367a-e8b7-4a6b-b993-30e8cbde6d06.mp4,10.08,352,288,h264
A079AM250,11118a13-d10a-4428-8cdd-f8d7f6ce0698,28906868-3465-482f-8c8c-a21c33a61b10,a13be17a-6ce2-4ace-8ba1-6082d32fb791,2,2026-05-14T19:56:19.283207Z,Yawning,2026-05-14T19:55:55Z,2026-05-14T19:56:06Z,879edff3-be37-478e-a665-8c674a8661b4,A079AM250,A079AM250,2132667,GET https://vasign.skai.online/media-files/data/{video_file_id},datasets/media/video_events/A079AM250__202605141955__Yawning__alarm_11118a13__ch2__a13be17a-6ce2-4ace-8ba1-6082d32fb791.mp4,downloaded,284433,200,video/mp4,00D2043181-2-1-1-157-2359-20260514-225550.mp4,A079AM250__202605141955__Yawning__alarm_11118a13__ch2__a13be17a-6ce2-4ace-8ba1-6082d32fb791.mp4,datasets/media/video_events/A079AM250__202605141955__Yawning__alarm_11118a13__ch2__a13be17a-6ce2-4ace-8ba1-6082d32fb791.mp4,12.045,352,288,h264
A079AM250,11118a13-d10a-4428-8cdd-f8d7f6ce0698,28906868-3465-482f-8c8c-a21c33a61b10,9b9e5c38-6ac2-487a-871f-36454d6395f3,3,2026-05-14T19:56:22.1549Z,Yawning,2026-05-14T19:55:55Z,2026-05-14T19:56:06Z,879edff3-be37-478e-a665-8c674a8661b4,A079AM250,A079AM250,2132667,GET https://vasign.skai.online/media-files/data/{video_file_id},datasets/media/video_events/A079AM250__202605141955__Yawning__alarm_11118a13__ch3__9b9e5c38-6ac2-487a-871f-36454d6395f3.mp4,downloaded,1158161,200,video/mp4,00D2043181-3-1-1-158-2359-20260514-225550.mp4,A079AM250__202605141955__Yawning__alarm_11118a13__ch3__9b9e5c38-6ac2-487a-871f-36454d6395f3.mp4,datasets/media/video_events/A079AM250__202605141955__Yawning__alarm_11118a13__ch3__9b9e5c38-6ac2-487a-871f-36454d6395f3.mp4,10.075,288,352,h264
M477YM790,155a16a0-ca5e-4313-9369-56288624ccb5,7a184312-ffb7-4963-9d06-3ff19d0b6977,d9f433b0-c0c7-4d01-b19b-8e80bf4ce329,2,2026-05-14T23:47:21.63861Z,Drowsiness,2026-05-14T23:47:03Z,2026-05-14T23:47:12Z,b5f05f9a-b7b9-442c-bccf-a86469c499f1,M477YM790,M477YM790,1864503,GET https://vasign.skai.online/media-files/data/{video_file_id},datasets/media/video_events/M477YM790__202605142347__Drowsiness__alarm_155a16a0__ch2__d9f433b0-c0c7-4d01-b19b-8e80bf4ce329.mp4,downloaded,379861,200,video/mp4,,M477YM790__202605142347__Drowsiness__alarm_155a16a0__ch2__d9f433b0-c0c7-4d01-b19b-8e80bf4ce329.mp4,datasets/media/video_events/M477YM790__202605142347__Drowsiness__alarm_155a16a0__ch2__d9f433b0-c0c7-4d01-b19b-8e80bf4ce329.mp4,10.045,352,288,h264
M477YM790,155a16a0-ca5e-4313-9369-56288624ccb5,7a184312-ffb7-4963-9d06-3ff19d0b6977,1a535867-25ec-47de-a1e1-d0e8e788ba52,3,2026-05-14T23:47:24.662229Z,Drowsiness,2026-05-14T23:47:03Z,2026-05-14T23:47:12Z,b5f05f9a-b7b9-442c-bccf-a86469c499f1,M477YM790,M477YM790,1864503,GET https://vasign.skai.online/media-files/data/{video_file_id},datasets/media/video_events/M477YM790__202605142347__Drowsiness__alarm_155a16a0__ch3__1a535867-25ec-47de-a1e1-d0e8e788ba52.mp4,downloaded,891965,200,video/mp4,,M477YM790__202605142347__Drowsiness__alarm_155a16a0__ch3__1a535867-25ec-47de-a1e1-d0e8e788ba52.mp4,datasets/media/video_events/M477YM790__202605142347__Drowsiness__alarm_155a16a0__ch3__1a535867-25ec-47de-a1e1-d0e8e788ba52.mp4,12.075,288,352,h264
M477YM790,155a16a0-ca5e-4313-9369-56288624ccb5,7a184312-ffb7-4963-9d06-3ff19d0b6977,a31a56cf-21a3-4dee-b79c-d609502336d3,1,2026-05-14T23:47:20.198734Z,Drowsiness,2026-05-14T23:47:03Z,2026-05-14T23:47:12Z,b5f05f9a-b7b9-442c-bccf-a86469c499f1,M477YM790,M477YM790,1864503,GET https://vasign.skai.online/media-files/data/{video_file_id},datasets/media/video_events/M477YM790__202605142347__Drowsiness__alarm_155a16a0__ch1__a31a56cf-21a3-4dee-b79c-d609502336d3.mp4,downloaded,592677,200,video/mp4,,M477YM790__202605142347__Drowsiness__alarm_155a16a0__ch1__a31a56cf-21a3-4dee-b79c-d609502336d3.mp4,datasets/media/video_events/M477YM790__202605142347__Drowsiness__alarm_155a16a0__ch1__a31a56cf-21a3-4dee-b79c-d609502336d3.mp4,12.079,352,288,h264
S737CE198,15ffa66e-56c3-46fe-a527-618ea12c2396,ba1e64c1-e081-4fc3-809c-fd8450c14677,18f8d4e9-b0f4-48e9-bc1e-9e31237c4faa,1,2026-05-14T18:55:07.022959Z,SharpBraking,2026-05-14T18:54:50Z,2026-05-14T18:55:02Z,007ecbc2-deb0-43cc-ba38-fcbc7496a71d,С737СЕ198,С737СЕ198,1119750,GET https://vasign.skai.online/media-files/data/{video_file_id},datasets/media/video_events/S737CE198__202605141854__SharpBraking__alarm_15ffa66e__ch1__18f8d4e9-b0f4-48e9-bc1e-9e31237c4faa.mp4,downloaded,436525,200,video/mp4,00D200F020-1-1-1-103-1738-20260514-215447.mp4,S737CE198__202605141854__SharpBraking__alarm_15ffa66e__ch1__18f8d4e9-b0f4-48e9-bc1e-9e31237c4faa.mp4,datasets/media/video_events/S737CE198__202605141854__SharpBraking__alarm_15ffa66e__ch1__18f8d4e9-b0f4-48e9-bc1e-9e31237c4faa.mp4,6.042,704,576,h264
S737CE198,15ffa66e-56c3-46fe-a527-618ea12c2396,ba1e64c1-e081-4fc3-809c-fd8450c14677,6bc78d9e-ca2d-45d2-a401-683507cfc687,2,2026-05-14T18:55:09.934654Z,SharpBraking,2026-05-14T18:54:50Z,2026-05-14T18:55:02Z,007ecbc2-deb0-43cc-ba38-fcbc7496a71d,С737СЕ198,С737СЕ198,1119750,GET https://vasign.skai.online/media-files/data/{video_file_id},datasets/media/video_events/S737CE198__202605141854__SharpBraking__alarm_15ffa66e__ch2__6bc78d9e-ca2d-45d2-a401-683507cfc687.mp4,downloaded,683225,200,video/mp4,00D200F020-2-1-1-104-1738-20260514-215447.mp4,S737CE198__202605141854__SharpBraking__alarm_15ffa66e__ch2__6bc78d9e-ca2d-45d2-a401-683507cfc687.mp4,datasets/media/video_events/S737CE198__202605141854__SharpBraking__alarm_15ffa66e__ch2__6bc78d9e-ca2d-45d2-a401-683507cfc687.mp4,8.045,704,576,h264
M083OU124,1c4e15ff-ff19-4531-b8a4-5c71ec49fe5c,d23116a7-77ba-4d51-9bf1-00b575f8f5a4,6980c1aa-af9b-42eb-97f7-f9b38400ba28,1,2026-05-14T19:23:26.595276Z,SeatBelt,2026-05-14T19:17:46Z,2026-05-14T19:18:57Z,bca5ea4c-f033-4a80-8b74-d1789e8c9e58,М083ОУ124,М083ОУ124,2555677,GET https://vasign.skai.online/media-files/data/{video_file_id},datasets/media/video_events/M083OU124__202605141917__SeatBelt__alarm_1c4e15ff__ch1__6980c1aa-af9b-42eb-97f7-f9b38400ba28.mp4,downloaded,285255,200,video/mp4,00E4005101-1-1-1-57-444-20260515-021741.mp4,M083OU124__202605141917__SeatBelt__alarm_1c4e15ff__ch1__6980c1aa-af9b-42eb-97f7-f9b38400ba28.mp4,datasets/media/video_events/M083OU124__202605141917__SeatBelt__alarm_1c4e15ff__ch1__6980c1aa-af9b-42eb-97f7-f9b38400ba28.mp4,12.045,352,288,h264
M083OU124,1c4e15ff-ff19-4531-b8a4-5c71ec49fe5c,d23116a7-77ba-4d51-9bf1-00b575f8f5a4,961c44d0-1f0e-43d3-89d2-451212f173fe,5,2026-05-14T19:23:17.866245Z,SeatBelt,2026-05-14T19:17:46Z,2026-05-14T19:18:57Z,bca5ea4c-f033-4a80-8b74-d1789e8c9e58,М083ОУ124,М083ОУ124,2555677,GET https://vasign.skai.online/media-files/data/{video_file_id},datasets/media/video_events/M083OU124__202605141917__SeatBelt__alarm_1c4e15ff__ch5__961c44d0-1f0e-43d3-89d2-451212f173fe.mp4,downloaded,2270422,200,video/mp4,00E4005101-5-1-1-56-444-20260515-021741.mp4,M083OU124__202605141917__SeatBelt__alarm_1c4e15ff__ch5__961c44d0-1f0e-43d3-89d2-451212f173fe.mp4,datasets/media/video_events/M083OU124__202605141917__SeatBelt__alarm_1c4e15ff__ch5__961c44d0-1f0e-43d3-89d2-451212f173fe.mp4,12.076,360,640,h264
S806UA797,283481ec-2f86-482d-a2fc-ee0914996e48,30f41faf-9fc5-451b-936e-5b82a2aba142,ab9a2196-0aa9-4757-ac78-5b4d124c92aa,5,2026-05-14T21:31:22.811049Z,NoDriver,2026-05-14T19:00:34Z,2026-05-14T19:02:31Z,412d7022-5aaf-4c87-ace9-d3160743636f,С806УА797,С806УА797,1419078,GET https://vasign.skai.online/media-files/data/{video_file_id},datasets/media/video_events/S806UA797__202605141900__NoDriver__alarm_283481ec__ch5__ab9a2196-0aa9-4757-ac78-5b4d124c92aa.mp4,downloaded,1419078,200,video/mp4,00E400F7B3-5-1-1-123-960-20260515-000029.mp4,S806UA797__202605141900__NoDriver__alarm_283481ec__ch5__ab9a2196-0aa9-4757-ac78-5b4d124c92aa.mp4,datasets/media/video_events/S806UA797__202605141900__NoDriver__alarm_283481ec__ch5__ab9a2196-0aa9-4757-ac78-5b4d124c92aa.mp4,12.075,360,640,h264
O802UE198,2b23bea5-0647-4428-b64e-4a99f8304f3f,3f295a4a-5491-48fd-885f-59f124ba2191,7c8b1a24-0ab6-476c-8cd9-e8f3b256a216,3,2026-05-14T22:28:24.172459Z,Distraction,2026-05-14T22:28:03Z,2026-05-14T22:28:11Z,2efda222-ac14-4184-b8c7-f4f6fe6a4a77,О 802 УЕ 198  6170,О802УЕ198,1561603,GET https://vasign.skai.online/media-files/data/{video_file_id},datasets/media/video_events/O802UE198__202605142228__Distraction__alarm_2b23bea5__ch3__7c8b1a24-0ab6-476c-8cd9-e8f3b256a216.mp4,downloaded,584933,200,video/mp4,,O802UE198__202605142228__Distraction__alarm_2b23bea5__ch3__7c8b1a24-0ab6-476c-8cd9-e8f3b256a216.mp4,datasets/media/video_events/O802UE198__202605142228__Distraction__alarm_2b23bea5__ch3__7c8b1a24-0ab6-476c-8cd9-e8f3b256a216.mp4,10.049,288,352,h264
O802UE198,2b23bea5-0647-4428-b64e-4a99f8304f3f,3f295a4a-5491-48fd-885f-59f124ba2191,93f6e30b-429d-4261-bcfb-3f865b8e26ba,1,2026-05-14T22:28:16.305697Z,Distraction,2026-05-14T22:28:03Z,2026-05-14T22:28:11Z,2efda222-ac14-4184-b8c7-f4f6fe6a4a77,О 802 УЕ 198  6170,О802УЕ198,1561603,GET https://vasign.skai.online/media-files/data/{video_file_id},datasets/media/video_events/O802UE198__202605142228__Distraction__alarm_2b23bea5__ch1__93f6e30b-429d-4261-bcfb-3f865b8e26ba.mp4,downloaded,462255,200,video/mp4,,O802UE198__202605142228__Distraction__alarm_2b23bea5__ch1__93f6e30b-429d-4261-bcfb-3f865b8e26ba.mp4,datasets/media/video_events/O802UE198__202605142228__Distraction__alarm_2b23bea5__ch1__93f6e30b-429d-4261-bcfb-3f865b8e26ba.mp4,12.045,352,288,h264
O802UE198,2b23bea5-0647-4428-b64e-4a99f8304f3f,3f295a4a-5491-48fd-885f-59f124ba2191,df4325fe-d9d9-4977-9433-f5786aeaf2f0,2,2026-05-14T22:28:20.648528Z,Distraction,2026-05-14T22:28:03Z,2026-05-14T22:28:11Z,2efda222-ac14-4184-b8c7-f4f6fe6a4a77,О 802 УЕ 198  6170,О802УЕ198,1561603,GET https://vasign.skai.online/media-files/data/{video_file_id},datasets/media/video_events/O802UE198__202605142228__Distraction__alarm_2b23bea5__ch2__df4325fe-d9d9-4977-9433-f5786aeaf2f0.mp4,downloaded,514415,200,video/mp4,,O802UE198__202605142228__Distraction__alarm_2b23bea5__ch2__df4325fe-d9d9-4977-9433-f5786aeaf2f0.mp4,datasets/media/video_events/O802UE198__202605142228__Distraction__alarm_2b23bea5__ch2__df4325fe-d9d9-4977-9433-f5786aeaf2f0.mp4,12.046,352,288,h264
T266AK977,395a269d-0a57-4a4a-857c-14a7d759b99b,86e9adcc-025d-4107-a27b-5eae6d019094,2ee441bb-1f1e-4f73-83c5-5ff2c89ef298,1,2026-05-14T22:37:34.217496Z,SpeedLimitViolation,2026-05-14T22:36:58Z,2026-05-14T22:37:24Z,3e8e062e-eff2-4e11-bc5b-03f4e15d167b,Т266АК977,Т266АК977,263821,GET https://vasign.skai.online/media-files/data/{video_file_id},datasets/media/video_events/T266AK977__202605142236__SpeedLimitViolation__alarm_395a269d__ch1__2ee441bb-1f1e-4f73-83c5-5ff2c89ef298.mp4,downloaded,106764,200,video/mp4,00E400F897-1-1-1-150-57-20260515-013653.mp4,T266AK977__202605142236__SpeedLimitViolation__alarm_395a269d__ch1__2ee441bb-1f1e-4f73-83c5-5ff2c89ef298.mp4,datasets/media/video_events/T266AK977__202605142236__SpeedLimitViolation__alarm_395a269d__ch1__2ee441bb-1f1e-4f73-83c5-5ff2c89ef298.mp4,12.085,352,288,h264
T266AK977,395a269d-0a57-4a4a-857c-14a7d759b99b,86e9adcc-025d-4107-a27b-5eae6d019094,c252b202-5f6a-47d0-af11-5ea885bbe958,5,2026-05-14T22:37:22.883133Z,SpeedLimitViolation,2026-05-14T22:36:58Z,2026-05-14T22:37:24Z,3e8e062e-eff2-4e11-bc5b-03f4e15d167b,Т266АК977,Т266АК977,263821,GET https://vasign.skai.online/media-files/data/{video_file_id},datasets/media/video_events/T266AK977__202605142236__SpeedLimitViolation__alarm_395a269d__ch5__c252b202-5f6a-47d0-af11-5ea885bbe958.mp4,downloaded,157057,200,video/mp4,00E400F897-5-1-1-149-57-20260515-013653.mp4,T266AK977__202605142236__SpeedLimitViolation__alarm_395a269d__ch5__c252b202-5f6a-47d0-af11-5ea885bbe958.mp4,datasets/media/video_events/T266AK977__202605142236__SpeedLimitViolation__alarm_395a269d__ch5__c252b202-5f6a-47d0-af11-5ea885bbe958.mp4,10.075,288,352,h264
S737CE198,439e3dfb-d41c-476f-a05d-5f062783d2f9,eaf1ec28-97ac-491f-9026-d5c494d62d3a,3f44e22a-eb3f-4a4d-a336-fd12cba1b594,1,2026-05-14T18:42:47.913856Z,CollisionWarning,2026-05-14T18:42:34Z,2026-05-14T18:42:40Z,007ecbc2-deb0-43cc-ba38-fcbc7496a71d,С737СЕ198,С737СЕ198,1176998,GET https://vasign.skai.online/media-files/data/{video_file_id},datasets/media/video_events/S737CE198__202605141842__CollisionWarning__alarm_439e3dfb__ch1__3f44e22a-eb3f-4a4d-a336-fd12cba1b594.mp4,downloaded,499661,200,video/mp4,00D200F020-1-1-1-103-1738-20260514-214231.mp4,S737CE198__202605141842__CollisionWarning__alarm_439e3dfb__ch1__3f44e22a-eb3f-4a4d-a336-fd12cba1b594.mp4,datasets/media/video_events/S737CE198__202605141842__CollisionWarning__alarm_439e3dfb__ch1__3f44e22a-eb3f-4a4d-a336-fd12cba1b594.mp4,6.042,704,576,h264
S737CE198,439e3dfb-d41c-476f-a05d-5f062783d2f9,eaf1ec28-97ac-491f-9026-d5c494d62d3a,e8f5dd47-9c0f-4bee-8876-f5c2cbde3833,2,2026-05-14T18:42:50.367379Z,CollisionWarning,2026-05-14T18:42:34Z,2026-05-14T18:42:40Z,007ecbc2-deb0-43cc-ba38-fcbc7496a71d,С737СЕ198,С737СЕ198,1176998,GET https://vasign.skai.online/media-files/data/{video_file_id},datasets/media/video_events/S737CE198__202605141842__CollisionWarning__alarm_439e3dfb__ch2__e8f5dd47-9c0f-4bee-8876-f5c2cbde3833.mp4,downloaded,677337,200,video/mp4,00D200F020-2-1-1-104-1738-20260514-214231.mp4,S737CE198__202605141842__CollisionWarning__alarm_439e3dfb__ch2__e8f5dd47-9c0f-4bee-8876-f5c2cbde3833.mp4,datasets/media/video_events/S737CE198__202605141842__CollisionWarning__alarm_439e3dfb__ch2__e8f5dd47-9c0f-4bee-8876-f5c2cbde3833.mp4,8.045,704,576,h264
S737CE198,4e86f67f-340f-4db7-9972-b8e5646a9668,d5122b4e-f758-4f6e-9d4f-d94744049a99,342f49e6-3a27-4266-b3ef-ee158d7e1c24,1,2026-05-14T18:54:09.05641Z,DangerousDistance,2026-05-14T18:53:54Z,2026-05-14T18:53:59Z,007ecbc2-deb0-43cc-ba38-fcbc7496a71d,С737СЕ198,С737СЕ198,1196774,GET https://vasign.skai.online/media-files/data/{video_file_id},datasets/media/video_events/S737CE198__202605141853__DangerousDistance__alarm_4e86f67f__ch1__342f49e6-3a27-4266-b3ef-ee158d7e1c24.mp4,downloaded,513197,200,video/mp4,00D200F020-1-1-1-103-1738-20260514-215351.mp4,S737CE198__202605141853__DangerousDistance__alarm_4e86f67f__ch1__342f49e6-3a27-4266-b3ef-ee158d7e1c24.mp4,datasets/media/video_events/S737CE198__202605141853__DangerousDistance__alarm_4e86f67f__ch1__342f49e6-3a27-4266-b3ef-ee158d7e1c24.mp4,6.042,704,576,h264
S737CE198,4e86f67f-340f-4db7-9972-b8e5646a9668,d5122b4e-f758-4f6e-9d4f-d94744049a99,4f6c7162-86f0-4b63-a358-cefd98e845cb,2,2026-05-14T18:54:11.20112Z,DangerousDistance,2026-05-14T18:53:54Z,2026-05-14T18:53:59Z,007ecbc2-deb0-43cc-ba38-fcbc7496a71d,С737СЕ198,С737СЕ198,1196774,GET https://vasign.skai.online/media-files/data/{video_file_id},datasets/media/video_events/S737CE198__202605141853__DangerousDistance__alarm_4e86f67f__ch2__4f6c7162-86f0-4b63-a358-cefd98e845cb.mp4,downloaded,683577,200,video/mp4,00D200F020-2-1-1-104-1738-20260514-215351.mp4,S737CE198__202605141853__DangerousDistance__alarm_4e86f67f__ch2__4f6c7162-86f0-4b63-a358-cefd98e845cb.mp4,datasets/media/video_events/S737CE198__202605141853__DangerousDistance__alarm_4e86f67f__ch2__4f6c7162-86f0-4b63-a358-cefd98e845cb.mp4,8.045,704,576,h264
T266AK977,56afc372-b79a-45b5-9207-1b8dd08e5b81,bfb09373-cb76-4ea6-a048-7f70d3bc62f8,60cb7c29-991d-47a5-8191-4999caeb94c1,1,2026-05-14T21:15:02.039155Z,NoDriver,2026-05-14T21:14:27Z,2026-05-14T21:16:09Z,3e8e062e-eff2-4e11-bc5b-03f4e15d167b,Т266АК977,Т266АК977,1053181,GET https://vasign.skai.online/media-files/data/{video_file_id},datasets/media/video_events/T266AK977__202605142114__NoDriver__alarm_56afc372__ch1__60cb7c29-991d-47a5-8191-4999caeb94c1.mp4,downloaded,597144,200,video/mp4,00E400F897-1-1-1-150-57-20260515-001422.mp4,T266AK977__202605142114__NoDriver__alarm_56afc372__ch1__60cb7c29-991d-47a5-8191-4999caeb94c1.mp4,datasets/media/video_events/T266AK977__202605142114__NoDriver__alarm_56afc372__ch1__60cb7c29-991d-47a5-8191-4999caeb94c1.mp4,10.085,352,288,h264
T266AK977,56afc372-b79a-45b5-9207-1b8dd08e5b81,bfb09373-cb76-4ea6-a048-7f70d3bc62f8,e34a8e67-b29f-4d0f-b5c5-3861d0951d9f,5,2026-05-14T21:14:51.028842Z,NoDriver,2026-05-14T21:14:27Z,2026-05-14T21:16:09Z,3e8e062e-eff2-4e11-bc5b-03f4e15d167b,Т266АК977,Т266АК977,1053181,GET https://vasign.skai.online/media-files/data/{video_file_id},datasets/media/video_events/T266AK977__202605142114__NoDriver__alarm_56afc372__ch5__e34a8e67-b29f-4d0f-b5c5-3861d0951d9f.mp4,downloaded,456037,200,video/mp4,00E400F897-5-1-1-149-57-20260515-001422.mp4,T266AK977__202605142114__NoDriver__alarm_56afc372__ch5__e34a8e67-b29f-4d0f-b5c5-3861d0951d9f.mp4,datasets/media/video_events/T266AK977__202605142114__NoDriver__alarm_56afc372__ch5__e34a8e67-b29f-4d0f-b5c5-3861d0951d9f.mp4,12.075,288,352,h264
V224BB125,69050c45-57a5-4b8c-be5a-54454372e1e3,1700bfa4-e7e4-4515-ae2b-5b0a71b19d15,efd652bf-433a-4c6c-a66e-3ad0f9d62035,1,2026-05-14T21:16:08.132693Z,PedestrianWarning,2026-05-14T21:15:44Z,2026-05-14T21:15:49Z,35465f3f-e01b-4f1b-a750-39a40af5bdff,В224ВВ125,В224ВВ125,1910353,GET https://vasign.skai.online/media-files/data/{video_file_id},datasets/media/video_events/V224BB125__202605142115__PedestrianWarning__alarm_69050c45__ch1__efd652bf-433a-4c6c-a66e-3ad0f9d62035.mp4,downloaded,447031,200,video/mp4,00E400AFD2-1-1-1-91-1315-20260515-071539.mp4,V224BB125__202605142115__PedestrianWarning__alarm_69050c45__ch1__efd652bf-433a-4c6c-a66e-3ad0f9d62035.mp4,datasets/media/video_events/V224BB125__202605142115__PedestrianWarning__alarm_69050c45__ch1__efd652bf-433a-4c6c-a66e-3ad0f9d62035.mp4,10.004,352,288,h264
V224BB125,69050c45-57a5-4b8c-be5a-54454372e1e3,1700bfa4-e7e4-4515-ae2b-5b0a71b19d15,f8fbfbea-af60-468a-9dfe-ec29fd830018,5,2026-05-14T21:16:16.164542Z,PedestrianWarning,2026-05-14T21:15:44Z,2026-05-14T21:15:49Z,35465f3f-e01b-4f1b-a750-39a40af5bdff,В224ВВ125,В224ВВ125,1910353,GET https://vasign.skai.online/media-files/data/{video_file_id},datasets/media/video_events/V224BB125__202605142115__PedestrianWarning__alarm_69050c45__ch5__f8fbfbea-af60-468a-9dfe-ec29fd830018.mp4,downloaded,1463322,200,video/mp4,00E400AFD2-5-1-1-92-1315-20260515-071539.mp4,V224BB125__202605142115__PedestrianWarning__alarm_69050c45__ch5__f8fbfbea-af60-468a-9dfe-ec29fd830018.mp4,datasets/media/video_events/V224BB125__202605142115__PedestrianWarning__alarm_69050c45__ch5__f8fbfbea-af60-468a-9dfe-ec29fd830018.mp4,12.043,360,640,h264
M482AT156,6f4471aa-fd1b-4329-874b-461f03900242,6520cbae-5fcf-4599-939b-8bc625d0e45a,58b66106-e5bf-49eb-a79a-e321480da8ee,5,2026-05-14T23:47:28.609567Z,Smoking,2026-05-14T23:47:01Z,2026-05-14T23:47:17Z,8259025c-3675-42b9-bc8d-8ae1004da285,М482АТ156,М482АТ156,590385,GET https://vasign.skai.online/media-files/data/{video_file_id},datasets/media/video_events/M482AT156__202605142347__Smoking__alarm_6f4471aa__ch5__58b66106-e5bf-49eb-a79a-e321480da8ee.mp4,downloaded,590385,200,video/mp4,,M482AT156__202605142347__Smoking__alarm_6f4471aa__ch5__58b66106-e5bf-49eb-a79a-e321480da8ee.mp4,datasets/media/video_events/M482AT156__202605142347__Smoking__alarm_6f4471aa__ch5__58b66106-e5bf-49eb-a79a-e321480da8ee.mp4,10.076,288,352,h264
T266AK977,6f7ba1fa-dbe7-4096-bb1d-1b01bf7b5eb0,9298555f-a964-42a9-a8a1-5edb7e182396,eca69505-5894-4952-8121-b7d3f6699710,1,2026-05-14T20:49:06.978983Z,CollisionWarning,2026-05-14T20:48:34Z,2026-05-14T20:48:47Z,3e8e062e-eff2-4e11-bc5b-03f4e15d167b,Т266АК977,Т266АК977,650701,GET https://vasign.skai.online/media-files/data/{video_file_id},datasets/media/video_events/T266AK977__202605142048__CollisionWarning__alarm_6f7ba1fa__ch1__eca69505-5894-4952-8121-b7d3f6699710.mp4,downloaded,318668,200,video/mp4,00E400F897-1-1-1-147-57-20260514-234829.mp4,T266AK977__202605142048__CollisionWarning__alarm_6f7ba1fa__ch1__eca69505-5894-4952-8121-b7d3f6699710.mp4,datasets/media/video_events/T266AK977__202605142048__CollisionWarning__alarm_6f7ba1fa__ch1__eca69505-5894-4952-8121-b7d3f6699710.mp4,12.085,352,288,h264
T266AK977,6f7ba1fa-dbe7-4096-bb1d-1b01bf7b5eb0,9298555f-a964-42a9-a8a1-5edb7e182396,9036bea6-725e-406e-b60e-b58043fcebc9,5,2026-05-14T20:49:13.566671Z,CollisionWarning,2026-05-14T20:48:34Z,2026-05-14T20:48:47Z,3e8e062e-eff2-4e11-bc5b-03f4e15d167b,Т266АК977,Т266АК977,650701,GET https://vasign.skai.online/media-files/data/{video_file_id},datasets/media/video_events/T266AK977__202605142048__CollisionWarning__alarm_6f7ba1fa__ch5__9036bea6-725e-406e-b60e-b58043fcebc9.mp4,downloaded,332033,200,video/mp4,00E400F897-5-1-1-148-57-20260514-234829.mp4,T266AK977__202605142048__CollisionWarning__alarm_6f7ba1fa__ch5__9036bea6-725e-406e-b60e-b58043fcebc9.mp4,datasets/media/video_events/T266AK977__202605142048__CollisionWarning__alarm_6f7ba1fa__ch5__9036bea6-725e-406e-b60e-b58043fcebc9.mp4,10.076,288,352,h264
A079AM250,7b8f3a75-9fe0-4b2b-a374-bc74e30f50c3,46fba61c-2d62-4e32-9df4-fc4ab98edeaa,5a7fc954-0357-4acd-a627-657e82c785be,1,2026-05-14T23:05:08.538771Z,SeatBelt,2026-05-14T23:04:41Z,2026-05-14T23:05:58Z,879edff3-be37-478e-a665-8c674a8661b4,A079AM250,A079AM250,1912219,GET https://vasign.skai.online/media-files/data/{video_file_id},datasets/media/video_events/A079AM250__202605142304__SeatBelt__alarm_7b8f3a75__ch1__5a7fc954-0357-4acd-a627-657e82c785be.mp4,downloaded,481849,200,video/mp4,00D2043181-1-1-1-8-2363-20260515-020436.mp4,A079AM250__202605142304__SeatBelt__alarm_7b8f3a75__ch1__5a7fc954-0357-4acd-a627-657e82c785be.mp4,datasets/media/video_events/A079AM250__202605142304__SeatBelt__alarm_7b8f3a75__ch1__5a7fc954-0357-4acd-a627-657e82c785be.mp4,10.08,352,288,h264
A079AM250,7b8f3a75-9fe0-4b2b-a374-bc74e30f50c3,46fba61c-2d62-4e32-9df4-fc4ab98edeaa,52bc6194-aa58-4bc1-a5b4-0a577ab10830,2,2026-05-14T23:05:20.307689Z,SeatBelt,2026-05-14T23:04:41Z,2026-05-14T23:05:58Z,879edff3-be37-478e-a665-8c674a8661b4,A079AM250,A079AM250,1912219,GET https://vasign.skai.online/media-files/data/{video_file_id},datasets/media/video_events/A079AM250__202605142304__SeatBelt__alarm_7b8f3a75__ch2__52bc6194-aa58-4bc1-a5b4-0a577ab10830.mp4,downloaded,274001,200,video/mp4,00D2043181-2-1-1-9-2363-20260515-020436.mp4,A079AM250__202605142304__SeatBelt__alarm_7b8f3a75__ch2__52bc6194-aa58-4bc1-a5b4-0a577ab10830.mp4,datasets/media/video_events/A079AM250__202605142304__SeatBelt__alarm_7b8f3a75__ch2__52bc6194-aa58-4bc1-a5b4-0a577ab10830.mp4,12.045,352,288,h264
A079AM250,7b8f3a75-9fe0-4b2b-a374-bc74e30f50c3,46fba61c-2d62-4e32-9df4-fc4ab98edeaa,e7b4f676-a974-4394-a927-6e5801fb533c,3,2026-05-14T23:05:06.001552Z,SeatBelt,2026-05-14T23:04:41Z,2026-05-14T23:05:58Z,879edff3-be37-478e-a665-8c674a8661b4,A079AM250,A079AM250,1912219,GET https://vasign.skai.online/media-files/data/{video_file_id},datasets/media/video_events/A079AM250__202605142304__SeatBelt__alarm_7b8f3a75__ch3__e7b4f676-a974-4394-a927-6e5801fb533c.mp4,downloaded,1156369,200,video/mp4,00D2043181-3-1-1-10-2363-20260515-020436.mp4,A079AM250__202605142304__SeatBelt__alarm_7b8f3a75__ch3__e7b4f676-a974-4394-a927-6e5801fb533c.mp4,datasets/media/video_events/A079AM250__202605142304__SeatBelt__alarm_7b8f3a75__ch3__e7b4f676-a974-4394-a927-6e5801fb533c.mp4,10.075,288,352,h264
T780RN198,7dc1110a-8f27-4cac-9d68-b6b602f346ca,3b389090-78b4-4d9b-89c3-e5e5b1740593,8e86fcd7-4b09-4c53-a3fd-0c561a4c6dba,3,2026-05-14T20:42:51.364887Z,Distraction,2026-05-14T20:42:21Z,2026-05-14T20:42:29Z,0cfa33e2-7331-49d2-8ed6-fe5b58ba699c,Т 780 РН 198  15133,Т780РН198,1044707,GET https://vasign.skai.online/media-files/data/{video_file_id},datasets/media/video_events/T780RN198__202605142042__Distraction__alarm_7dc1110a__ch3__8e86fcd7-4b09-4c53-a3fd-0c561a4c6dba.mp4,downloaded,536861,200,video/mp4,,T780RN198__202605142042__Distraction__alarm_7dc1110a__ch3__8e86fcd7-4b09-4c53-a3fd-0c561a4c6dba.mp4,datasets/media/video_events/T780RN198__202605142042__Distraction__alarm_7dc1110a__ch3__8e86fcd7-4b09-4c53-a3fd-0c561a4c6dba.mp4,10.049,288,352,h264
T780RN198,7dc1110a-8f27-4cac-9d68-b6b602f346ca,3b389090-78b4-4d9b-89c3-e5e5b1740593,1d9b5c46-6e19-428e-9421-c502461065f4,1,2026-05-14T20:42:42.675455Z,Distraction,2026-05-14T20:42:21Z,2026-05-14T20:42:29Z,0cfa33e2-7331-49d2-8ed6-fe5b58ba699c,Т 780 РН 198  15133,Т780РН198,1044707,GET https://vasign.skai.online/media-files/data/{video_file_id},datasets/media/video_events/T780RN198__202605142042__Distraction__alarm_7dc1110a__ch1__1d9b5c46-6e19-428e-9421-c502461065f4.mp4,downloaded,205555,200,video/mp4,,T780RN198__202605142042__Distraction__alarm_7dc1110a__ch1__1d9b5c46-6e19-428e-9421-c502461065f4.mp4,datasets/media/video_events/T780RN198__202605142042__Distraction__alarm_7dc1110a__ch1__1d9b5c46-6e19-428e-9421-c502461065f4.mp4,10.045,352,288,h264
T780RN198,7dc1110a-8f27-4cac-9d68-b6b602f346ca,3b389090-78b4-4d9b-89c3-e5e5b1740593,2f53d6b3-c727-45f8-96e7-77d1d36c1252,2,2026-05-14T20:42:46.027617Z,Distraction,2026-05-14T20:42:21Z,2026-05-14T20:42:29Z,0cfa33e2-7331-49d2-8ed6-fe5b58ba699c,Т 780 РН 198  15133,Т780РН198,1044707,GET https://vasign.skai.online/media-files/data/{video_file_id},datasets/media/video_events/T780RN198__202605142042__Distraction__alarm_7dc1110a__ch2__2f53d6b3-c727-45f8-96e7-77d1d36c1252.mp4,downloaded,302291,200,video/mp4,,T780RN198__202605142042__Distraction__alarm_7dc1110a__ch2__2f53d6b3-c727-45f8-96e7-77d1d36c1252.mp4,datasets/media/video_events/T780RN198__202605142042__Distraction__alarm_7dc1110a__ch2__2f53d6b3-c727-45f8-96e7-77d1d36c1252.mp4,10.045,352,288,h264
S737CE198,812df409-161d-4c62-a07b-109361709897,714f04d7-87f4-43d1-9b4a-3eeba7b1efd6,1a145d9b-fb77-4b2e-8daf-4efc347fe34e,1,2026-05-14T18:52:00.957686Z,SharpLeftTurn,2026-05-14T18:51:45Z,2026-05-14T18:51:56Z,007ecbc2-deb0-43cc-ba38-fcbc7496a71d,С737СЕ198,С737СЕ198,1195838,GET https://vasign.skai.online/media-files/data/{video_file_id},datasets/media/video_events/S737CE198__202605141851__SharpLeftTurn__alarm_812df409__ch1__1a145d9b-fb77-4b2e-8daf-4efc347fe34e.mp4,downloaded,682977,200,video/mp4,00D200F020-1-1-1-103-1738-20260514-215142.mp4,S737CE198__202605141851__SharpLeftTurn__alarm_812df409__ch1__1a145d9b-fb77-4b2e-8daf-4efc347fe34e.mp4,datasets/media/video_events/S737CE198__202605141851__SharpLeftTurn__alarm_812df409__ch1__1a145d9b-fb77-4b2e-8daf-4efc347fe34e.mp4,8.042,704,576,h264
S737CE198,812df409-161d-4c62-a07b-109361709897,714f04d7-87f4-43d1-9b4a-3eeba7b1efd6,6607607e-42a2-478c-987d-253eeb0f229a,2,2026-05-14T18:52:02.721211Z,SharpLeftTurn,2026-05-14T18:51:45Z,2026-05-14T18:51:56Z,007ecbc2-deb0-43cc-ba38-fcbc7496a71d,С737СЕ198,С737СЕ198,1195838,GET https://vasign.skai.online/media-files/data/{video_file_id},datasets/media/video_events/S737CE198__202605141851__SharpLeftTurn__alarm_812df409__ch2__6607607e-42a2-478c-987d-253eeb0f229a.mp4,downloaded,512861,200,video/mp4,00D200F020-2-1-1-104-1738-20260514-215142.mp4,S737CE198__202605141851__SharpLeftTurn__alarm_812df409__ch2__6607607e-42a2-478c-987d-253eeb0f229a.mp4,datasets/media/video_events/S737CE198__202605141851__SharpLeftTurn__alarm_812df409__ch2__6607607e-42a2-478c-987d-253eeb0f229a.mp4,6.045,704,576,h264
T780RN198,9cf96b29-9309-4bf4-9c4f-fdf847e196f6,92161ccd-aad1-4fc5-9b70-65536b021dad,89992210-01d2-47cb-96fd-9973d086ed08,2,2026-05-14T20:42:13.125205Z,SharpAcceleration,2026-05-14T20:41:41Z,2026-05-14T20:41:52Z,0cfa33e2-7331-49d2-8ed6-fe5b58ba699c,Т 780 РН 198  15133,Т780РН198,1401955,GET https://vasign.skai.online/media-files/data/{video_file_id},datasets/media/video_events/T780RN198__202605142041__SharpAcceleration__alarm_9cf96b29__ch2__89992210-01d2-47cb-96fd-9973d086ed08.mp4,downloaded,406355,200,video/mp4,,T780RN198__202605142041__SharpAcceleration__alarm_9cf96b29__ch2__89992210-01d2-47cb-96fd-9973d086ed08.mp4,datasets/media/video_events/T780RN198__202605142041__SharpAcceleration__alarm_9cf96b29__ch2__89992210-01d2-47cb-96fd-9973d086ed08.mp4,10.046,352,288,h264
T780RN198,9cf96b29-9309-4bf4-9c4f-fdf847e196f6,92161ccd-aad1-4fc5-9b70-65536b021dad,f49fd0f6-4e8d-40a8-93ac-bfe8742cb4ac,3,2026-05-14T20:42:17.327684Z,SharpAcceleration,2026-05-14T20:41:41Z,2026-05-14T20:41:52Z,0cfa33e2-7331-49d2-8ed6-fe5b58ba699c,Т 780 РН 198  15133,Т780РН198,1401955,GET https://vasign.skai.online/media-files/data/{video_file_id},datasets/media/video_events/T780RN198__202605142041__SharpAcceleration__alarm_9cf96b29__ch3__f49fd0f6-4e8d-40a8-93ac-bfe8742cb4ac.mp4,downloaded,676701,200,video/mp4,,T780RN198__202605142041__SharpAcceleration__alarm_9cf96b29__ch3__f49fd0f6-4e8d-40a8-93ac-bfe8742cb4ac.mp4,datasets/media/video_events/T780RN198__202605142041__SharpAcceleration__alarm_9cf96b29__ch3__f49fd0f6-4e8d-40a8-93ac-bfe8742cb4ac.mp4,10.049,288,352,h264
T780RN198,9cf96b29-9309-4bf4-9c4f-fdf847e196f6,92161ccd-aad1-4fc5-9b70-65536b021dad,f5e04183-59c7-4c02-b4f3-6f2adc6e270d,1,2026-05-14T20:42:08.215732Z,SharpAcceleration,2026-05-14T20:41:41Z,2026-05-14T20:41:52Z,0cfa33e2-7331-49d2-8ed6-fe5b58ba699c,Т 780 РН 198  15133,Т780РН198,1401955,GET https://vasign.skai.online/media-files/data/{video_file_id},datasets/media/video_events/T780RN198__202605142041__SharpAcceleration__alarm_9cf96b29__ch1__f5e04183-59c7-4c02-b4f3-6f2adc6e270d.mp4,downloaded,318899,200,video/mp4,,T780RN198__202605142041__SharpAcceleration__alarm_9cf96b29__ch1__f5e04183-59c7-4c02-b4f3-6f2adc6e270d.mp4,datasets/media/video_events/T780RN198__202605142041__SharpAcceleration__alarm_9cf96b29__ch1__f5e04183-59c7-4c02-b4f3-6f2adc6e270d.mp4,10.045,352,288,h264
S725AT159,a9e4a086-c515-4a63-8722-55f6f04fcf81,11e55788-aba7-4c8c-bea0-52847080f35e,0893f3b2-eeac-42a9-83de-7a385fb17507,1,2026-05-14T23:40:56.486121Z,Distraction,2026-05-14T23:40:29Z,2026-05-14T23:40:40Z,cf7ded7d-ebc3-4f1b-aa8a-0ec937b791fc,С725АТ159(ВА),С725АТ159,969408,GET https://vasign.skai.online/media-files/data/{video_file_id},datasets/media/video_events/S725AT159__202605142340__Distraction__alarm_a9e4a086__ch1__0893f3b2-eeac-42a9-83de-7a385fb17507.mp4,downloaded,376455,200,video/mp4,,S725AT159__202605142340__Distraction__alarm_a9e4a086__ch1__0893f3b2-eeac-42a9-83de-7a385fb17507.mp4,datasets/media/video_events/S725AT159__202605142340__Distraction__alarm_a9e4a086__ch1__0893f3b2-eeac-42a9-83de-7a385fb17507.mp4,12.044,352,288,h264
S725AT159,a9e4a086-c515-4a63-8722-55f6f04fcf81,11e55788-aba7-4c8c-bea0-52847080f35e,41037077-bb23-4a19-9bf5-3fb44a6ee9b0,5,2026-05-14T23:41:06.667957Z,Distraction,2026-05-14T23:40:29Z,2026-05-14T23:40:40Z,cf7ded7d-ebc3-4f1b-aa8a-0ec937b791fc,С725АТ159(ВА),С725АТ159,969408,GET https://vasign.skai.online/media-files/data/{video_file_id},datasets/media/video_events/S725AT159__202605142340__Distraction__alarm_a9e4a086__ch5__41037077-bb23-4a19-9bf5-3fb44a6ee9b0.mp4,downloaded,592953,200,video/mp4,,S725AT159__202605142340__Distraction__alarm_a9e4a086__ch5__41037077-bb23-4a19-9bf5-3fb44a6ee9b0.mp4,datasets/media/video_events/S725AT159__202605142340__Distraction__alarm_a9e4a086__ch5__41037077-bb23-4a19-9bf5-3fb44a6ee9b0.mp4,10.076,288,352,h264
O802UE198,b569370b-2c25-410b-b6df-b1f13d81bf84,c76730d2-c516-41f7-9479-b7c22ddfc4a7,c477bf8d-2fe3-4001-8e16-41c06166c657,1,2026-05-14T22:40:36.03594Z,SharpBraking,2026-05-14T22:39:57Z,2026-05-14T22:40:15Z,2efda222-ac14-4184-b8c7-f4f6fe6a4a77,О 802 УЕ 198  6170,О802УЕ198,1223303,GET https://vasign.skai.online/media-files/data/{video_file_id},datasets/media/video_events/O802UE198__202605142239__SharpBraking__alarm_b569370b__ch1__c477bf8d-2fe3-4001-8e16-41c06166c657.mp4,downloaded,157843,200,video/mp4,,O802UE198__202605142239__SharpBraking__alarm_b569370b__ch1__c477bf8d-2fe3-4001-8e16-41c06166c657.mp4,datasets/media/video_events/O802UE198__202605142239__SharpBraking__alarm_b569370b__ch1__c477bf8d-2fe3-4001-8e16-41c06166c657.mp4,10.045,352,288,h264
O802UE198,b569370b-2c25-410b-b6df-b1f13d81bf84,c76730d2-c516-41f7-9479-b7c22ddfc4a7,83849488-c51e-4367-8efe-b05608b8fb23,2,2026-05-14T22:40:39.443629Z,SharpBraking,2026-05-14T22:39:57Z,2026-05-14T22:40:15Z,2efda222-ac14-4184-b8c7-f4f6fe6a4a77,О 802 УЕ 198  6170,О802УЕ198,1223303,GET https://vasign.skai.online/media-files/data/{video_file_id},datasets/media/video_events/O802UE198__202605142239__SharpBraking__alarm_b569370b__ch2__83849488-c51e-4367-8efe-b05608b8fb23.mp4,downloaded,406771,200,video/mp4,,O802UE198__202605142239__SharpBraking__alarm_b569370b__ch2__83849488-c51e-4367-8efe-b05608b8fb23.mp4,datasets/media/video_events/O802UE198__202605142239__SharpBraking__alarm_b569370b__ch2__83849488-c51e-4367-8efe-b05608b8fb23.mp4,10.045,352,288,h264
O802UE198,b569370b-2c25-410b-b6df-b1f13d81bf84,c76730d2-c516-41f7-9479-b7c22ddfc4a7,46bb31ed-c518-4c58-9664-67ec5a47ac33,3,2026-05-14T22:40:41.905612Z,SharpBraking,2026-05-14T22:39:57Z,2026-05-14T22:40:15Z,2efda222-ac14-4184-b8c7-f4f6fe6a4a77,О 802 УЕ 198  6170,О802УЕ198,1223303,GET https://vasign.skai.online/media-files/data/{video_file_id},datasets/media/video_events/O802UE198__202605142239__SharpBraking__alarm_b569370b__ch3__46bb31ed-c518-4c58-9664-67ec5a47ac33.mp4,downloaded,658689,200,video/mp4,,O802UE198__202605142239__SharpBraking__alarm_b569370b__ch3__46bb31ed-c518-4c58-9664-67ec5a47ac33.mp4,datasets/media/video_events/O802UE198__202605142239__SharpBraking__alarm_b569370b__ch3__46bb31ed-c518-4c58-9664-67ec5a47ac33.mp4,12.043,288,352,h264
S725AT159,b855d68a-fb90-4b80-b7ed-16616fee9b9f,9ffebb15-4fa4-404a-8910-6551024bffde,61885e89-52d3-4c3b-8d8f-49843656dddb,5,2026-05-14T23:23:12.83376Z,Yawning,2026-05-14T23:22:37Z,2026-05-14T23:22:46Z,cf7ded7d-ebc3-4f1b-aa8a-0ec937b791fc,С725АТ159(ВА),С725АТ159,726124,GET https://vasign.skai.online/media-files/data/{video_file_id},datasets/media/video_events/S725AT159__202605142322__Yawning__alarm_b855d68a__ch5__61885e89-52d3-4c3b-8d8f-49843656dddb.mp4,downloaded,592289,200,video/mp4,,S725AT159__202605142322__Yawning__alarm_b855d68a__ch5__61885e89-52d3-4c3b-8d8f-49843656dddb.mp4,datasets/media/video_events/S725AT159__202605142322__Yawning__alarm_b855d68a__ch5__61885e89-52d3-4c3b-8d8f-49843656dddb.mp4,10.075,288,352,h264
S725AT159,b855d68a-fb90-4b80-b7ed-16616fee9b9f,9ffebb15-4fa4-404a-8910-6551024bffde,e0dba4f9-19e0-49a4-acd6-1ec407a7da16,1,2026-05-14T23:23:02.884602Z,Yawning,2026-05-14T23:22:37Z,2026-05-14T23:22:46Z,cf7ded7d-ebc3-4f1b-aa8a-0ec937b791fc,С725АТ159(ВА),С725АТ159,726124,GET https://vasign.skai.online/media-files/data/{video_file_id},datasets/media/video_events/S725AT159__202605142322__Yawning__alarm_b855d68a__ch1__e0dba4f9-19e0-49a4-acd6-1ec407a7da16.mp4,downloaded,133835,200,video/mp4,,S725AT159__202605142322__Yawning__alarm_b855d68a__ch1__e0dba4f9-19e0-49a4-acd6-1ec407a7da16.mp4,datasets/media/video_events/S725AT159__202605142322__Yawning__alarm_b855d68a__ch1__e0dba4f9-19e0-49a4-acd6-1ec407a7da16.mp4,12.044,352,288,h264
M083OU124,ba9fb320-7c41-4927-bd38-5b13becd6132,694fcacb-7ab7-4b5c-bfd6-b56df8c0aa3e,f452b2fc-0514-4001-9fd2-4116e69ec6d3,1,2026-05-14T19:20:23.959865Z,NoDriver,2026-05-14T19:15:47Z,2026-05-14T19:16:57Z,bca5ea4c-f033-4a80-8b74-d1789e8c9e58,М083ОУ124,М083ОУ124,1077085,GET https://vasign.skai.online/media-files/data/{video_file_id},datasets/media/video_events/M083OU124__202605141915__NoDriver__alarm_ba9fb320__ch1__f452b2fc-0514-4001-9fd2-4116e69ec6d3.mp4,downloaded,218851,200,video/mp4,00E4005101-1-1-1-57-444-20260515-021542.mp4,M083OU124__202605141915__NoDriver__alarm_ba9fb320__ch1__f452b2fc-0514-4001-9fd2-4116e69ec6d3.mp4,datasets/media/video_events/M083OU124__202605141915__NoDriver__alarm_ba9fb320__ch1__f452b2fc-0514-4001-9fd2-4116e69ec6d3.mp4,10.044,352,288,h264
M083OU124,ba9fb320-7c41-4927-bd38-5b13becd6132,694fcacb-7ab7-4b5c-bfd6-b56df8c0aa3e,ac2700ed-b1a5-4b61-90b6-1f1f24033bd1,5,2026-05-14T19:19:54.818166Z,NoDriver,2026-05-14T19:15:47Z,2026-05-14T19:16:57Z,bca5ea4c-f033-4a80-8b74-d1789e8c9e58,М083ОУ124,М083ОУ124,1077085,GET https://vasign.skai.online/media-files/data/{video_file_id},datasets/media/video_events/M083OU124__202605141915__NoDriver__alarm_ba9fb320__ch5__ac2700ed-b1a5-4b61-90b6-1f1f24033bd1.mp4,downloaded,858234,200,video/mp4,00E4005101-5-1-1-56-444-20260515-021542.mp4,M083OU124__202605141915__NoDriver__alarm_ba9fb320__ch5__ac2700ed-b1a5-4b61-90b6-1f1f24033bd1.mp4,datasets/media/video_events/M083OU124__202605141915__NoDriver__alarm_ba9fb320__ch5__ac2700ed-b1a5-4b61-90b6-1f1f24033bd1.mp4,10.076,360,640,h264
A079AM250,c9d7216b-0959-495b-ba1e-8ee32d6d4cc7,6403a7ab-d5ac-463a-8955-125cf025e4ff,e7881dc9-082c-4392-941f-3b50feffa0d4,1,2026-05-14T18:50:29.253141Z,DangerousDistance,2026-05-14T18:50:08Z,2026-05-14T18:51:08Z,879edff3-be37-478e-a665-8c674a8661b4,A079AM250,A079AM250,1876127,GET https://vasign.skai.online/media-files/data/{video_file_id},datasets/media/video_events/A079AM250__202605141850__DangerousDistance__alarm_c9d7216b__ch1__e7881dc9-082c-4392-941f-3b50feffa0d4.mp4,downloaded,532537,200,video/mp4,00D2043181-1-1-1-153-2358-20260514-215003.mp4,A079AM250__202605141850__DangerousDistance__alarm_c9d7216b__ch1__e7881dc9-082c-4392-941f-3b50feffa0d4.mp4,datasets/media/video_events/A079AM250__202605141850__DangerousDistance__alarm_c9d7216b__ch1__e7881dc9-082c-4392-941f-3b50feffa0d4.mp4,12.08,352,288,h264
A079AM250,c9d7216b-0959-495b-ba1e-8ee32d6d4cc7,6403a7ab-d5ac-463a-8955-125cf025e4ff,242b6d96-8bec-4472-987e-ffcf3be7ecd9,2,2026-05-14T18:50:30.410789Z,DangerousDistance,2026-05-14T18:50:08Z,2026-05-14T18:51:08Z,879edff3-be37-478e-a665-8c674a8661b4,A079AM250,A079AM250,1876127,GET https://vasign.skai.online/media-files/data/{video_file_id},datasets/media/video_events/A079AM250__202605141850__DangerousDistance__alarm_c9d7216b__ch2__242b6d96-8bec-4472-987e-ffcf3be7ecd9.mp4,downloaded,190293,200,video/mp4,00D2043181-2-1-1-154-2358-20260514-215003.mp4,A079AM250__202605141850__DangerousDistance__alarm_c9d7216b__ch2__242b6d96-8bec-4472-987e-ffcf3be7ecd9.mp4,datasets/media/video_events/A079AM250__202605141850__DangerousDistance__alarm_c9d7216b__ch2__242b6d96-8bec-4472-987e-ffcf3be7ecd9.mp4,10.045,352,288,h264
A079AM250,c9d7216b-0959-495b-ba1e-8ee32d6d4cc7,6403a7ab-d5ac-463a-8955-125cf025e4ff,70367b3a-7758-4de6-a138-1111f49da753,3,2026-05-14T18:50:34.77202Z,DangerousDistance,2026-05-14T18:50:08Z,2026-05-14T18:51:08Z,879edff3-be37-478e-a665-8c674a8661b4,A079AM250,A079AM250,1876127,GET https://vasign.skai.online/media-files/data/{video_file_id},datasets/media/video_events/A079AM250__202605141850__DangerousDistance__alarm_c9d7216b__ch3__70367b3a-7758-4de6-a138-1111f49da753.mp4,downloaded,1153297,200,video/mp4,00D2043181-3-1-1-155-2358-20260514-215003.mp4,A079AM250__202605141850__DangerousDistance__alarm_c9d7216b__ch3__70367b3a-7758-4de6-a138-1111f49da753.mp4,datasets/media/video_events/A079AM250__202605141850__DangerousDistance__alarm_c9d7216b__ch3__70367b3a-7758-4de6-a138-1111f49da753.mp4,10.075,288,352,h264
S806UA797,cf91b784-1798-4008-8acd-760eb8d365e7,68909da1-27f3-4884-9f05-45c2db5187fe,73483e87-5ef6-4e04-80ec-885c2f0c3270,5,2026-05-15T01:10:06.629805Z,Drowsiness,2026-05-14T22:37:51Z,2026-05-14T22:37:59Z,412d7022-5aaf-4c87-ace9-d3160743636f,С806УА797,С806УА797,1183262,GET https://vasign.skai.online/media-files/data/{video_file_id},datasets/media/video_events/S806UA797__202605142237__Drowsiness__alarm_cf91b784__ch5__73483e87-5ef6-4e04-80ec-885c2f0c3270.mp4,downloaded,1183262,200,video/mp4,00E400F7B3-5-1-1-132-963-20260515-033746.mp4,S806UA797__202605142237__Drowsiness__alarm_cf91b784__ch5__73483e87-5ef6-4e04-80ec-885c2f0c3270.mp4,datasets/media/video_events/S806UA797__202605142237__Drowsiness__alarm_cf91b784__ch5__73483e87-5ef6-4e04-80ec-885c2f0c3270.mp4,10.025,360,640,h264
T266AK977,cfc131e6-dc1f-4809-9b97-60b5b972b1ce,58e8fb36-78c6-4193-8e31-b361ddd4ec33,c13d5087-13bd-4751-b1bb-70d2bf82e7a2,1,2026-05-14T19:31:58.030562Z,SharpAcceleration,2026-05-14T19:31:32Z,2026-05-14T19:31:36Z,3e8e062e-eff2-4e11-bc5b-03f4e15d167b,Т266АК977,Т266АК977,1333073,GET https://vasign.skai.online/media-files/data/{video_file_id},datasets/media/video_events/T266AK977__202605141931__SharpAcceleration__alarm_cfc131e6__ch1__c13d5087-13bd-4751-b1bb-70d2bf82e7a2.mp4,downloaded,620972,200,video/mp4,00E400F897-1-1-1-147-57-20260514-223127.mp4,T266AK977__202605141931__SharpAcceleration__alarm_cfc131e6__ch1__c13d5087-13bd-4751-b1bb-70d2bf82e7a2.mp4,datasets/media/video_events/T266AK977__202605141931__SharpAcceleration__alarm_cfc131e6__ch1__c13d5087-13bd-4751-b1bb-70d2bf82e7a2.mp4,12.085,352,288,h264
T266AK977,cfc131e6-dc1f-4809-9b97-60b5b972b1ce,58e8fb36-78c6-4193-8e31-b361ddd4ec33,acb35f4b-38cb-4087-9acf-9eecdefc585f,5,2026-05-14T19:32:05.850172Z,SharpAcceleration,2026-05-14T19:31:32Z,2026-05-14T19:31:36Z,3e8e062e-eff2-4e11-bc5b-03f4e15d167b,Т266АК977,Т266АК977,1333073,GET https://vasign.skai.online/media-files/data/{video_file_id},datasets/media/video_events/T266AK977__202605141931__SharpAcceleration__alarm_cfc131e6__ch5__acb35f4b-38cb-4087-9acf-9eecdefc585f.mp4,downloaded,712101,200,video/mp4,00E400F897-5-1-1-148-57-20260514-223127.mp4,T266AK977__202605141931__SharpAcceleration__alarm_cfc131e6__ch5__acb35f4b-38cb-4087-9acf-9eecdefc585f.mp4,datasets/media/video_events/T266AK977__202605141931__SharpAcceleration__alarm_cfc131e6__ch5__acb35f4b-38cb-4087-9acf-9eecdefc585f.mp4,12.075,288,352,h264
M083OU124,e51a3984-2706-4972-b850-d424435dcd11,8c553758-e7e6-4531-bca8-40bd5c188d02,5181b49c-4ba5-4977-acc5-f673926f2f51,1,2026-05-14T19:14:36.373031Z,Smoking,2026-05-14T19:11:38Z,2026-05-14T19:11:51Z,bca5ea4c-f033-4a80-8b74-d1789e8c9e58,М083ОУ124,М083ОУ124,2297193,GET https://vasign.skai.online/media-files/data/{video_file_id},datasets/media/video_events/M083OU124__202605141911__Smoking__alarm_e51a3984__ch1__5181b49c-4ba5-4977-acc5-f673926f2f51.mp4,downloaded,442739,200,video/mp4,00E4005101-1-1-1-57-444-20260515-021133.mp4,M083OU124__202605141911__Smoking__alarm_e51a3984__ch1__5181b49c-4ba5-4977-acc5-f673926f2f51.mp4,datasets/media/video_events/M083OU124__202605141911__Smoking__alarm_e51a3984__ch1__5181b49c-4ba5-4977-acc5-f673926f2f51.mp4,12.044,352,288,h264
M083OU124,e51a3984-2706-4972-b850-d424435dcd11,8c553758-e7e6-4531-bca8-40bd5c188d02,e0b10ccb-6f71-44ae-af6d-e726c4ca563b,5,2026-05-14T19:14:18.815919Z,Smoking,2026-05-14T19:11:38Z,2026-05-14T19:11:51Z,bca5ea4c-f033-4a80-8b74-d1789e8c9e58,М083ОУ124,М083ОУ124,2297193,GET https://vasign.skai.online/media-files/data/{video_file_id},datasets/media/video_events/M083OU124__202605141911__Smoking__alarm_e51a3984__ch5__e0b10ccb-6f71-44ae-af6d-e726c4ca563b.mp4,downloaded,1854454,200,video/mp4,00E4005101-5-1-1-56-444-20260515-021133.mp4,M083OU124__202605141911__Smoking__alarm_e51a3984__ch5__e0b10ccb-6f71-44ae-af6d-e726c4ca563b.mp4,datasets/media/video_events/M083OU124__202605141911__Smoking__alarm_e51a3984__ch5__e0b10ccb-6f71-44ae-af6d-e726c4ca563b.mp4,12.076,360,640,h264
M482AT156,e7652db8-5f43-41de-a26b-6f4ad25fc476,3e41e7c4-3638-4732-81e4-e511b99c96a5,20a933e6-08af-4b06-befb-c109182cb1e7,5,2026-05-14T23:57:44.011743Z,NoDriver,2026-05-14T23:57:17Z,2026-05-15T00:01:25Z,8259025c-3675-42b9-bc8d-8ae1004da285,М482АТ156,М482АТ156,179457,GET https://vasign.skai.online/media-files/data/{video_file_id},datasets/media/video_events/M482AT156__202605142357__NoDriver__alarm_e7652db8__ch5__20a933e6-08af-4b06-befb-c109182cb1e7.mp4,downloaded,179457,200,video/mp4,,M482AT156__202605142357__NoDriver__alarm_e7652db8__ch5__20a933e6-08af-4b06-befb-c109182cb1e7.mp4,datasets/media/video_events/M482AT156__202605142357__NoDriver__alarm_e7652db8__ch5__20a933e6-08af-4b06-befb-c109182cb1e7.mp4,10.075,288,352,h264
M083OU124,ea559499-85da-46f3-8990-f9bd43ee96ac,6e953bbf-f69a-499b-b393-0c32dcefc2f5,bf76cad4-6697-4cf8-a50e-1c472447f6ce,1,2026-05-14T19:18:55.967493Z,Distraction,2026-05-14T19:18:07Z,2026-05-14T19:18:21Z,bca5ea4c-f033-4a80-8b74-d1789e8c9e58,М083ОУ124,М083ОУ124,2133453,GET https://vasign.skai.online/media-files/data/{video_file_id},datasets/media/video_events/M083OU124__202605141918__Distraction__alarm_ea559499__ch1__bf76cad4-6697-4cf8-a50e-1c472447f6ce.mp4,downloaded,241827,200,video/mp4,00E4005101-1-1-1-57-444-20260515-021802.mp4,M083OU124__202605141918__Distraction__alarm_ea559499__ch1__bf76cad4-6697-4cf8-a50e-1c472447f6ce.mp4,datasets/media/video_events/M083OU124__202605141918__Distraction__alarm_ea559499__ch1__bf76cad4-6697-4cf8-a50e-1c472447f6ce.mp4,10.045,352,288,h264
M083OU124,ea559499-85da-46f3-8990-f9bd43ee96ac,6e953bbf-f69a-499b-b393-0c32dcefc2f5,d170eab3-438e-441e-9b26-070a0ae0a037,5,2026-05-14T19:18:41.50729Z,Distraction,2026-05-14T19:18:07Z,2026-05-14T19:18:21Z,bca5ea4c-f033-4a80-8b74-d1789e8c9e58,М083ОУ124,М083ОУ124,2133453,GET https://vasign.skai.online/media-files/data/{video_file_id},datasets/media/video_events/M083OU124__202605141918__Distraction__alarm_ea559499__ch5__d170eab3-438e-441e-9b26-070a0ae0a037.mp4,downloaded,1891626,200,video/mp4,00E4005101-5-1-1-56-444-20260515-021802.mp4,M083OU124__202605141918__Distraction__alarm_ea559499__ch5__d170eab3-438e-441e-9b26-070a0ae0a037.mp4,datasets/media/video_events/M083OU124__202605141918__Distraction__alarm_ea559499__ch5__d170eab3-438e-441e-9b26-070a0ae0a037.mp4,10.076,360,640,h264
R680MA196,ee809241-e908-4c1a-ac5d-58f6b1da36be,58735ee6-dc80-4b7e-93ab-2f703cc39452,b451faed-4fff-4ac5-a8a7-b5d0ed51a9f0,1,2026-05-14T22:09:15.918587Z,DangerousDistance,2026-05-14T22:08:34Z,2026-05-14T22:08:44Z,bb719c43-44be-4e41-95cf-6d19d3121df7,Р680МА196,Р680МА196,565324,GET https://vasign.skai.online/media-files/data/{video_file_id},datasets/media/video_events/R680MA196__202605142208__DangerousDistance__alarm_ee809241__ch1__b451faed-4fff-4ac5-a8a7-b5d0ed51a9f0.mp4,downloaded,351939,200,video/mp4,,R680MA196__202605142208__DangerousDistance__alarm_ee809241__ch1__b451faed-4fff-4ac5-a8a7-b5d0ed51a9f0.mp4,datasets/media/video_events/R680MA196__202605142208__DangerousDistance__alarm_ee809241__ch1__b451faed-4fff-4ac5-a8a7-b5d0ed51a9f0.mp4,12.045,352,288,h264
R680MA196,ee809241-e908-4c1a-ac5d-58f6b1da36be,58735ee6-dc80-4b7e-93ab-2f703cc39452,be1cd690-3e93-4a8c-9902-f65098ed991b,5,2026-05-14T22:09:23.956872Z,DangerousDistance,2026-05-14T22:08:34Z,2026-05-14T22:08:44Z,bb719c43-44be-4e41-95cf-6d19d3121df7,Р680МА196,Р680МА196,565324,GET https://vasign.skai.online/media-files/data/{video_file_id},datasets/media/video_events/R680MA196__202605142208__DangerousDistance__alarm_ee809241__ch5__be1cd690-3e93-4a8c-9902-f65098ed991b.mp4,downloaded,213385,200,video/mp4,,R680MA196__202605142208__DangerousDistance__alarm_ee809241__ch5__be1cd690-3e93-4a8c-9902-f65098ed991b.mp4,datasets/media/video_events/R680MA196__202605142208__DangerousDistance__alarm_ee809241__ch5__be1cd690-3e93-4a8c-9902-f65098ed991b.mp4,12.044,288,352,h264
R680MA196,fa338699-3b21-4a41-a384-4b0fdf7f23d0,87636266-8f32-44a7-821a-96ac5b66320d,28b90ee9-1374-4bfe-a510-0bd1c2357135,1,2026-05-14T22:19:41.90805Z,Sabotage,2026-05-14T22:18:43Z,2026-05-14T22:22:33Z,bb719c43-44be-4e41-95cf-6d19d3121df7,Р680МА196,Р680МА196,624460,GET https://vasign.skai.online/media-files/data/{video_file_id},datasets/media/video_events/R680MA196__202605142218__Sabotage__alarm_fa338699__ch1__28b90ee9-1374-4bfe-a510-0bd1c2357135.mp4,downloaded,350387,200,video/mp4,,R680MA196__202605142218__Sabotage__alarm_fa338699__ch1__28b90ee9-1374-4bfe-a510-0bd1c2357135.mp4,datasets/media/video_events/R680MA196__202605142218__Sabotage__alarm_fa338699__ch1__28b90ee9-1374-4bfe-a510-0bd1c2357135.mp4,12.044,352,288,h264
R680MA196,fa338699-3b21-4a41-a384-4b0fdf7f23d0,87636266-8f32-44a7-821a-96ac5b66320d,e919c008-5a05-4f78-a5c6-9fe5da25742f,5,2026-05-14T22:19:59.009875Z,Sabotage,2026-05-14T22:18:43Z,2026-05-14T22:22:33Z,bb719c43-44be-4e41-95cf-6d19d3121df7,Р680МА196,Р680МА196,624460,GET https://vasign.skai.online/media-files/data/{video_file_id},datasets/media/video_events/R680MA196__202605142218__Sabotage__alarm_fa338699__ch5__e919c008-5a05-4f78-a5c6-9fe5da25742f.mp4,downloaded,274073,200,video/mp4,,R680MA196__202605142218__Sabotage__alarm_fa338699__ch5__e919c008-5a05-4f78-a5c6-9fe5da25742f.mp4,datasets/media/video_events/R680MA196__202605142218__Sabotage__alarm_fa338699__ch5__e919c008-5a05-4f78-a5c6-9fe5da25742f.mp4,12.043,288,352,h264
S643UR799,c9d92123-62f0-4237-9150-a57624b10b93,9c8e7e2b-7b1f-400a-84bf-20d13abecd9e,8dbf56fb-2160-4a9c-8949-a39dcae25100,5,2026-05-19T00:00:27.063929Z,Smoking,2026-05-18T23:59:41Z,2026-05-18T23:59:55Z,1fe8e814-eb91-4075-a32f-dd598e206834,С643УР799,С643УР799,1364766,GET https://vasign.skai.online/media-files/data/{video_file_id},datasets/media/video_events/S643UR799__202605182359__Smoking__alarm_c9d92123__ch5__8dbf56fb-2160-4a9c-8949-a39dcae25100.mp4,downloaded,1364766,200,video/mp4,,S643UR799__202605182359__Smoking__alarm_c9d92123__ch5__8dbf56fb-2160-4a9c-8949-a39dcae25100.mp4,datasets/media/video_events/S643UR799__202605182359__Smoking__alarm_c9d92123__ch5__8dbf56fb-2160-4a9c-8949-a39dcae25100.mp4,10.075000,360,640,h264
S643UR799,2da126f5-3f48-43ba-b2cd-9307ea09d400,ed620fc8-6fce-456c-8b1e-f0367e555dd0,5acaff47-9ad3-4844-b0e9-9380b8442942,5,2026-05-18T23:59:54.047864Z,Smoking,2026-05-18T23:58:32Z,2026-05-18T23:58:48Z,1fe8e814-eb91-4075-a32f-dd598e206834,С643УР799,С643УР799,1637938,GET https://vasign.skai.online/media-files/data/{video_file_id},datasets/media/video_events/S643UR799__202605182358__Smoking__alarm_2da126f5__ch5__5acaff47-9ad3-4844-b0e9-9380b8442942.mp4,downloaded,1637938,200,video/mp4,,S643UR799__202605182358__Smoking__alarm_2da126f5__ch5__5acaff47-9ad3-4844-b0e9-9380b8442942.mp4,datasets/media/video_events/S643UR799__202605182358__Smoking__alarm_2da126f5__ch5__5acaff47-9ad3-4844-b0e9-9380b8442942.mp4,12.075000,360,640,h264
K776VS977,faa082b1-d234-4c17-b12f-95e16335b1cf,9151bd18-2d67-4dab-add6-1b686e7d3b1a,ec78f642-65ed-42c3-9ac3-a9b81e02aee5,5,2026-05-18T23:57:29.527313Z,Smoking,2026-05-18T23:57:05Z,2026-05-18T23:57:17Z,39595e1f-9bfe-4e28-8c2e-a5e20eb386ef,К776ВС977,К776ВС977,1363142,GET https://vasign.skai.online/media-files/data/{video_file_id},datasets/media/video_events/K776VS977__202605182357__Smoking__alarm_faa082b1__ch5__ec78f642-65ed-42c3-9ac3-a9b81e02aee5.mp4,downloaded,1363142,200,video/mp4,,K776VS977__202605182357__Smoking__alarm_faa082b1__ch5__ec78f642-65ed-42c3-9ac3-a9b81e02aee5.mp4,datasets/media/video_events/K776VS977__202605182357__Smoking__alarm_faa082b1__ch5__ec78f642-65ed-42c3-9ac3-a9b81e02aee5.mp4,10.076000,360,640,h264
M078OO154,f7e5afe2-5257-4edf-86cc-2c5648c84e5b,e15b8025-9b13-43d4-a08f-fac018fec460,6bd675c4-031a-4cf6-ae29-39993d62a8d4,5,2026-05-18T23:56:46.361899Z,Drowsiness,2026-05-18T23:56:21Z,2026-05-18T23:56:26Z,76c6242c-3ba9-487f-943b-4a678a3a4ef3,М078ОО154,М078ОО154,1347078,GET https://vasign.skai.online/media-files/data/{video_file_id},datasets/media/video_events/M078OO154__202605182356__Drowsiness__alarm_f7e5afe2__ch5__6bd675c4-031a-4cf6-ae29-39993d62a8d4.mp4,downloaded,1347078,200,video/mp4,,M078OO154__202605182356__Drowsiness__alarm_f7e5afe2__ch5__6bd675c4-031a-4cf6-ae29-39993d62a8d4.mp4,datasets/media/video_events/M078OO154__202605182356__Drowsiness__alarm_f7e5afe2__ch5__6bd675c4-031a-4cf6-ae29-39993d62a8d4.mp4,10.075000,360,640,h264
K776VS977,d7765ece-003f-438d-b049-85351219180a,8200bb47-0466-40e1-ac57-99be076a8a3e,0590a870-4e84-4794-b174-cd83d0a6616c,5,2026-05-18T23:56:24.478166Z,Smoking,2026-05-18T23:56:00Z,2026-05-18T23:56:16Z,39595e1f-9bfe-4e28-8c2e-a5e20eb386ef,К776ВС977,К776ВС977,1614802,GET https://vasign.skai.online/media-files/data/{video_file_id},datasets/media/video_events/K776VS977__202605182356__Smoking__alarm_d7765ece__ch5__0590a870-4e84-4794-b174-cd83d0a6616c.mp4,downloaded,1614802,200,video/mp4,,K776VS977__202605182356__Smoking__alarm_d7765ece__ch5__0590a870-4e84-4794-b174-cd83d0a6616c.mp4,datasets/media/video_events/K776VS977__202605182356__Smoking__alarm_d7765ece__ch5__0590a870-4e84-4794-b174-cd83d0a6616c.mp4,12.075000,360,640,h264
U522HE178,16d48e1f-1d6f-41c7-9ed5-0a87713f329c,de7ad864-e79a-4cdf-9078-b2df13a4f9d6,c9327761-b8b4-4bde-9370-3fede4f7d456,5,2026-05-18T23:54:30.760052Z,Drowsiness,2026-05-18T23:54:04Z,2026-05-18T23:54:21Z,5531e93d-b865-46d4-aae9-a07bfb4eea36,У522ХЕ178,У522ХЕ178,591985,GET https://vasign.skai.online/media-files/data/{video_file_id},datasets/media/video_events/U522HE178__202605182354__Drowsiness__alarm_16d48e1f__ch5__c9327761-b8b4-4bde-9370-3fede4f7d456.mp4,downloaded,591985,200,video/mp4,,U522HE178__202605182354__Drowsiness__alarm_16d48e1f__ch5__c9327761-b8b4-4bde-9370-3fede4f7d456.mp4,datasets/media/video_events/U522HE178__202605182354__Drowsiness__alarm_16d48e1f__ch5__c9327761-b8b4-4bde-9370-3fede4f7d456.mp4,10.076000,288,352,h264
V224BB125,5546a06a-ab16-459d-82ba-70425646833d,f1aa8d48-e8ac-4086-892f-707b7e131bcc,f0d067c7-a70c-4081-903a-cc1b6cf5d1bd,1,2026-05-18T23:44:51.682642Z,Smoking,2026-05-18T23:44:21Z,2026-05-18T23:57:31Z,35465f3f-e01b-4f1b-a750-39a40af5bdff,В224ВВ125,В224ВВ125,1910513,GET https://vasign.skai.online/media-files/data/{video_file_id},datasets/media/video_events/V224BB125__202605182344__Smoking__alarm_5546a06a__ch1__f0d067c7-a70c-4081-903a-cc1b6cf5d1bd.mp4,downloaded,384399,200,video/mp4,,V224BB125__202605182344__Smoking__alarm_5546a06a__ch1__f0d067c7-a70c-4081-903a-cc1b6cf5d1bd.mp4,datasets/media/video_events/V224BB125__202605182344__Smoking__alarm_5546a06a__ch1__f0d067c7-a70c-4081-903a-cc1b6cf5d1bd.mp4,12.005000,352,288,h264
V224BB125,5546a06a-ab16-459d-82ba-70425646833d,f1aa8d48-e8ac-4086-892f-707b7e131bcc,83c3c5ad-260b-4373-a209-7dc6828dfb1e,5,2026-05-18T23:45:03.054866Z,Smoking,2026-05-18T23:44:21Z,2026-05-18T23:57:31Z,35465f3f-e01b-4f1b-a750-39a40af5bdff,В224ВВ125,В224ВВ125,1910513,GET https://vasign.skai.online/media-files/data/{video_file_id},datasets/media/video_events/V224BB125__202605182344__Smoking__alarm_5546a06a__ch5__83c3c5ad-260b-4373-a209-7dc6828dfb1e.mp4,downloaded,1526114,200,video/mp4,,V224BB125__202605182344__Smoking__alarm_5546a06a__ch5__83c3c5ad-260b-4373-a209-7dc6828dfb1e.mp4,datasets/media/video_events/V224BB125__202605182344__Smoking__alarm_5546a06a__ch5__83c3c5ad-260b-4373-a209-7dc6828dfb1e.mp4,12.044000,360,640,h264
S643UR799,bde0d4a2-7c10-423d-84de-60004aa50424,1cd58f2c-f944-4237-9b77-97dad746c8b8,08416ac2-12c4-4014-8cf8-ce05875d85ef,5,2026-05-18T23:45:00.219181Z,Smoking,2026-05-18T23:43:46Z,2026-05-18T23:44:00Z,1fe8e814-eb91-4075-a32f-dd598e206834,С643УР799,С643УР799,1638610,GET https://vasign.skai.online/media-files/data/{video_file_id},datasets/media/video_events/S643UR799__202605182343__Smoking__alarm_bde0d4a2__ch5__08416ac2-12c4-4014-8cf8-ce05875d85ef.mp4,downloaded,1638610,200,video/mp4,,S643UR799__202605182343__Smoking__alarm_bde0d4a2__ch5__08416ac2-12c4-4014-8cf8-ce05875d85ef.mp4,datasets/media/video_events/S643UR799__202605182343__Smoking__alarm_bde0d4a2__ch5__08416ac2-12c4-4014-8cf8-ce05875d85ef.mp4,12.076000,360,640,h264
V844UV186,511a8d67-242b-4b5f-9d21-e059645a2413,cabf606f-e786-4c1e-aca2-bd4db4cb71c8,6b176166-9180-46cd-859a-12f21992db06,5,2026-05-18T23:31:28.716076Z,Drowsiness,2026-05-18T23:30:57Z,2026-05-18T23:31:07Z,1e4f2eac-1ab9-4a6b-ae2f-404c34806902,В844УВ186,В844УВ186,593345,GET https://vasign.skai.online/media-files/data/{video_file_id},datasets/media/video_events/V844UV186__202605182330__Drowsiness__alarm_511a8d67__ch5__6b176166-9180-46cd-859a-12f21992db06.mp4,downloaded,593345,200,video/mp4,,V844UV186__202605182330__Drowsiness__alarm_511a8d67__ch5__6b176166-9180-46cd-859a-12f21992db06.mp4,datasets/media/video_events/V844UV186__202605182330__Drowsiness__alarm_511a8d67__ch5__6b176166-9180-46cd-859a-12f21992db06.mp4,10.075000,288,352,h264
K279HM154,725866bd-9c81-45ec-a06f-bdf08df3a79d,dfcd1c7b-a19e-405b-a4b7-93868dc54aa3,f292bc35-c557-4dfc-b218-da497c85644e,5,2026-05-19T01:11:32.245385Z,Drowsiness,2026-05-18T21:41:57Z,2026-05-18T21:42:02Z,2d9e6091-b3d5-49f6-ad23-21e0101909fa,К279ХМ154,К279ХМ154,1359270,GET https://vasign.skai.online/media-files/data/{video_file_id},datasets/media/video_events/K279HM154__202605182141__Drowsiness__alarm_725866bd__ch5__f292bc35-c557-4dfc-b218-da497c85644e.mp4,downloaded,1359270,200,video/mp4,,K279HM154__202605182141__Drowsiness__alarm_725866bd__ch5__f292bc35-c557-4dfc-b218-da497c85644e.mp4,datasets/media/video_events/K279HM154__202605182141__Drowsiness__alarm_725866bd__ch5__f292bc35-c557-4dfc-b218-da497c85644e.mp4,10.075000,360,640,h264
K279HM154,e61bb6ff-ea0b-49ae-a11d-27b58519b9e9,f59e51dc-0de6-4e34-94a2-c9d130deb611,c84c52dc-8d27-4066-a89d-adbcad92c7c9,5,2026-05-19T01:13:04.344481Z,Drowsiness,2026-05-18T21:40:42Z,2026-05-18T21:40:47Z,2d9e6091-b3d5-49f6-ad23-21e0101909fa,К279ХМ154,К279ХМ154,1634426,GET https://vasign.skai.online/media-files/data/{video_file_id},datasets/media/video_events/K279HM154__202605182140__Drowsiness__alarm_e61bb6ff__ch5__c84c52dc-8d27-4066-a89d-adbcad92c7c9.mp4,downloaded,1634426,200,video/mp4,,K279HM154__202605182140__Drowsiness__alarm_e61bb6ff__ch5__c84c52dc-8d27-4066-a89d-adbcad92c7c9.mp4,datasets/media/video_events/K279HM154__202605182140__Drowsiness__alarm_e61bb6ff__ch5__c84c52dc-8d27-4066-a89d-adbcad92c7c9.mp4,12.076000,360,640,h264
M477YM790,dc1f8142-055c-4e4f-84e9-56020c16a753,d6d4991e-b58d-4374-92c5-8952df5e8ffc,2f52755c-c6cf-4975-8308-e8ba8e794fcd,1,2026-05-18T21:31:16.231913Z,Drowsiness,2026-05-18T21:30:55Z,2026-05-18T21:31:04Z,b5f05f9a-b7b9-442c-bccf-a86469c499f1,M477YM790,M477YM790,1658851,GET https://vasign.skai.online/media-files/data/{video_file_id},datasets/media/video_events/M477YM790__202605182130__Drowsiness__alarm_dc1f8142__ch1__2f52755c-c6cf-4975-8308-e8ba8e794fcd.mp4,downloaded,522413,200,video/mp4,,M477YM790__202605182130__Drowsiness__alarm_dc1f8142__ch1__2f52755c-c6cf-4975-8308-e8ba8e794fcd.mp4,datasets/media/video_events/M477YM790__202605182130__Drowsiness__alarm_dc1f8142__ch1__2f52755c-c6cf-4975-8308-e8ba8e794fcd.mp4,10.080000,352,288,h264
M477YM790,dc1f8142-055c-4e4f-84e9-56020c16a753,d6d4991e-b58d-4374-92c5-8952df5e8ffc,deeff14e-42c6-419f-90a8-328b5e83fe19,2,2026-05-18T21:31:18.129244Z,Drowsiness,2026-05-18T21:30:55Z,2026-05-18T21:31:04Z,b5f05f9a-b7b9-442c-bccf-a86469c499f1,M477YM790,M477YM790,1658851,GET https://vasign.skai.online/media-files/data/{video_file_id},datasets/media/video_events/M477YM790__202605182130__Drowsiness__alarm_dc1f8142__ch2__deeff14e-42c6-419f-90a8-328b5e83fe19.mp4,downloaded,403957,200,video/mp4,,M477YM790__202605182130__Drowsiness__alarm_dc1f8142__ch2__deeff14e-42c6-419f-90a8-328b5e83fe19.mp4,datasets/media/video_events/M477YM790__202605182130__Drowsiness__alarm_dc1f8142__ch2__deeff14e-42c6-419f-90a8-328b5e83fe19.mp4,10.045000,352,288,h264
M477YM790,dc1f8142-055c-4e4f-84e9-56020c16a753,d6d4991e-b58d-4374-92c5-8952df5e8ffc,6b99fe8b-35a3-460e-a76e-613ced0d3a65,3,2026-05-18T21:31:20.702946Z,Drowsiness,2026-05-18T21:30:55Z,2026-05-18T21:31:04Z,b5f05f9a-b7b9-442c-bccf-a86469c499f1,M477YM790,M477YM790,1658851,GET https://vasign.skai.online/media-files/data/{video_file_id},datasets/media/video_events/M477YM790__202605182130__Drowsiness__alarm_dc1f8142__ch3__6b99fe8b-35a3-460e-a76e-613ced0d3a65.mp4,downloaded,732481,200,video/mp4,,M477YM790__202605182130__Drowsiness__alarm_dc1f8142__ch3__6b99fe8b-35a3-460e-a76e-613ced0d3a65.mp4,datasets/media/video_events/M477YM790__202605182130__Drowsiness__alarm_dc1f8142__ch3__6b99fe8b-35a3-460e-a76e-613ced0d3a65.mp4,10.076000,288,352,h264
U444UA54,9fe2f146-bc90-4ebf-a7e2-e61ebb951caa,04725100-da20-4982-b6cd-0d3588aa11d9,07b4b1ea-d07b-4323-95f6-7edeffe1a539,5,2026-05-18T21:26:06.606958Z,Drowsiness,2026-05-18T21:25:38Z,2026-05-18T21:25:43Z,c258e249-b00d-491b-bac2-26b0e273193b,У444УА54,У444УА54,1361182,GET https://vasign.skai.online/media-files/data/{video_file_id},datasets/media/video_events/U444UA54__202605182125__Drowsiness__alarm_9fe2f146__ch5__07b4b1ea-d07b-4323-95f6-7edeffe1a539.mp4,downloaded,1361182,200,video/mp4,,U444UA54__202605182125__Drowsiness__alarm_9fe2f146__ch5__07b4b1ea-d07b-4323-95f6-7edeffe1a539.mp4,datasets/media/video_events/U444UA54__202605182125__Drowsiness__alarm_9fe2f146__ch5__07b4b1ea-d07b-4323-95f6-7edeffe1a539.mp4,9.975000,360,640,h264
K524VR977,d2379587-3189-4903-916e-8352459c03f1,69f38f98-95e7-4fa0-a645-ca6cada76d8e,bf106f13-a7cd-4793-a469-32a9d41252ec,5,2026-05-18T21:57:42.940919Z,Smoking,2026-05-18T21:46:16Z,2026-05-18T21:46:27Z,ca66539e-c0ae-4471-9f38-b9152eb5f5e6,К524ВР977,К524ВР977,1474162,GET https://vasign.skai.online/media-files/data/{video_file_id},datasets/media/video_events/K524VR977__202605182146__Smoking__alarm_d2379587__ch5__bf106f13-a7cd-4793-a469-32a9d41252ec.mp4,downloaded,1474162,200,video/mp4,,K524VR977__202605182146__Smoking__alarm_d2379587__ch5__bf106f13-a7cd-4793-a469-32a9d41252ec.mp4,datasets/media/video_events/K524VR977__202605182146__Smoking__alarm_d2379587__ch5__bf106f13-a7cd-4793-a469-32a9d41252ec.mp4,12.075000,360,640,h264
K524VR977,f0d04637-7cb1-43f4-a861-9096b78f9a5a,ef0e1677-eb73-4a9c-9436-2a46b6b9ffb9,5aeed73a-2e2b-4632-ae5d-aa2be7b977b5,5,2026-05-18T21:57:42.994906Z,Smoking,2026-05-18T21:45:54Z,2026-05-18T21:46:12Z,ca66539e-c0ae-4471-9f38-b9152eb5f5e6,К524ВР977,К524ВР977,1596850,GET https://vasign.skai.online/media-files/data/{video_file_id},datasets/media/video_events/K524VR977__202605182145__Smoking__alarm_f0d04637__ch5__5aeed73a-2e2b-4632-ae5d-aa2be7b977b5.mp4,downloaded,1596850,200,video/mp4,,K524VR977__202605182145__Smoking__alarm_f0d04637__ch5__5aeed73a-2e2b-4632-ae5d-aa2be7b977b5.mp4,datasets/media/video_events/K524VR977__202605182145__Smoking__alarm_f0d04637__ch5__5aeed73a-2e2b-4632-ae5d-aa2be7b977b5.mp4,12.075000,360,640,h264
K524VR977,bf9206f7-2c08-463c-98b4-53063acd50bd,95bfab54-6079-4f4f-afa0-24ca332f13d8,1244ee15-291c-4fa1-975d-8cc0fa66701b,5,2026-05-18T21:57:42.86801Z,Smoking,2026-05-18T21:45:15Z,2026-05-18T21:45:49Z,ca66539e-c0ae-4471-9f38-b9152eb5f5e6,К524ВР977,К524ВР977,1105182,GET https://vasign.skai.online/media-files/data/{video_file_id},datasets/media/video_events/K524VR977__202605182145__Smoking__alarm_bf9206f7__ch5__1244ee15-291c-4fa1-975d-8cc0fa66701b.mp4,downloaded,1105182,200,video/mp4,,K524VR977__202605182145__Smoking__alarm_bf9206f7__ch5__1244ee15-291c-4fa1-975d-8cc0fa66701b.mp4,datasets/media/video_events/K524VR977__202605182145__Smoking__alarm_bf9206f7__ch5__1244ee15-291c-4fa1-975d-8cc0fa66701b.mp4,10.076000,360,640,h264
U126TK124,3059d92e-c668-4c58-b3dd-3326e1cd6a45,65f4f145-8502-46c1-a490-93425a21e146,945f4086-45bb-4bdb-90dd-78ee27555753,5,2026-05-18T22:01:03.922546Z,Drowsiness,2026-05-18T22:00:39Z,2026-05-18T22:00:46Z,b93acd8d-6546-4571-8b58-dbbde1f4b3e0,У126ТК124,У126ТК124,1163826,GET https://vasign.skai.online/media-files/data/{video_file_id},datasets/media/video_events/U126TK124__202605182200__Drowsiness__alarm_3059d92e__ch5__945f4086-45bb-4bdb-90dd-78ee27555753.mp4,downloaded,1163826,200,video/mp4,,U126TK124__202605182200__Drowsiness__alarm_3059d92e__ch5__945f4086-45bb-4bdb-90dd-78ee27555753.mp4,datasets/media/video_events/U126TK124__202605182200__Drowsiness__alarm_3059d92e__ch5__945f4086-45bb-4bdb-90dd-78ee27555753.mp4,12.075000,360,640,h264
U126TK124,46b542d1-1ba3-4997-9496-9f0859a9bc30,a10fe441-356f-48f2-b96e-647614117dd1,683f24f3-1802-4463-a751-140310993c8e,5,2026-05-18T21:57:45.543619Z,Drowsiness,2026-05-18T21:56:19Z,2026-05-18T21:56:26Z,b93acd8d-6546-4571-8b58-dbbde1f4b3e0,У126ТК124,У126ТК124,1470610,GET https://vasign.skai.online/media-files/data/{video_file_id},datasets/media/video_events/U126TK124__202605182156__Drowsiness__alarm_46b542d1__ch5__683f24f3-1802-4463-a751-140310993c8e.mp4,downloaded,1470610,200,video/mp4,,U126TK124__202605182156__Drowsiness__alarm_46b542d1__ch5__683f24f3-1802-4463-a751-140310993c8e.mp4,datasets/media/video_events/U126TK124__202605182156__Drowsiness__alarm_46b542d1__ch5__683f24f3-1802-4463-a751-140310993c8e.mp4,12.075000,360,640,h264
U126TK124,0605028d-a8f9-4237-a9dd-c5d0b70d10cd,f57ac5fb-02bb-4337-9795-478ecde9d5f8,f7516c60-a8e8-4500-9cf6-b44d5e335fd6,5,2026-05-18T21:57:45.196345Z,Drowsiness,2026-05-18T21:54:59Z,2026-05-18T21:55:06Z,b93acd8d-6546-4571-8b58-dbbde1f4b3e0,У126ТК124,У126ТК124,1401282,GET https://vasign.skai.online/media-files/data/{video_file_id},datasets/media/video_events/U126TK124__202605182154__Drowsiness__alarm_0605028d__ch5__f7516c60-a8e8-4500-9cf6-b44d5e335fd6.mp4,downloaded,1401282,200,video/mp4,,U126TK124__202605182154__Drowsiness__alarm_0605028d__ch5__f7516c60-a8e8-4500-9cf6-b44d5e335fd6.mp4,datasets/media/video_events/U126TK124__202605182154__Drowsiness__alarm_0605028d__ch5__f7516c60-a8e8-4500-9cf6-b44d5e335fd6.mp4,12.076000,360,640,h264
U126TK124,122f8e75-9edf-4db8-839e-5de6b29bd45b,7afc23cd-3779-492a-8d1d-78a1847542ca,16366d00-da0c-4b66-b1c5-b9c198ed93bd,5,2026-05-18T21:57:45.513395Z,Drowsiness,2026-05-18T21:53:15Z,2026-05-18T21:53:22Z,b93acd8d-6546-4571-8b58-dbbde1f4b3e0,У126ТК124,У126ТК124,1209298,GET https://vasign.skai.online/media-files/data/{video_file_id},datasets/media/video_events/U126TK124__202605182153__Drowsiness__alarm_122f8e75__ch5__16366d00-da0c-4b66-b1c5-b9c198ed93bd.mp4,downloaded,1209298,200,video/mp4,,U126TK124__202605182153__Drowsiness__alarm_122f8e75__ch5__16366d00-da0c-4b66-b1c5-b9c198ed93bd.mp4,datasets/media/video_events/U126TK124__202605182153__Drowsiness__alarm_122f8e75__ch5__16366d00-da0c-4b66-b1c5-b9c198ed93bd.mp4,12.075000,360,640,h264
U126TK124,661adc32-0b32-490b-836e-6b1f0da537cf,57403f15-8581-4e97-aca6-bdb6555c6d59,42d3c2a7-1c1a-4990-9496-c39c48bc8984,5,2026-05-18T21:57:43.931883Z,Drowsiness,2026-05-18T21:49:14Z,2026-05-18T21:49:21Z,b93acd8d-6546-4571-8b58-dbbde1f4b3e0,У126ТК124,У126ТК124,1309718,GET https://vasign.skai.online/media-files/data/{video_file_id},datasets/media/video_events/U126TK124__202605182149__Drowsiness__alarm_661adc32__ch5__42d3c2a7-1c1a-4990-9496-c39c48bc8984.mp4,downloaded,1309718,200,video/mp4,,U126TK124__202605182149__Drowsiness__alarm_661adc32__ch5__42d3c2a7-1c1a-4990-9496-c39c48bc8984.mp4,datasets/media/video_events/U126TK124__202605182149__Drowsiness__alarm_661adc32__ch5__42d3c2a7-1c1a-4990-9496-c39c48bc8984.mp4,10.076000,360,640,h264
U126TK124,6e0414ee-ac4c-4278-a129-afbc076aa99a,955db2c4-395c-40f9-9fc5-bc7885334831,c389b6d8-3127-4d12-80ff-8c91d7090b97,5,2026-05-18T21:57:43.944291Z,Drowsiness,2026-05-18T21:46:26Z,2026-05-18T21:46:33Z,b93acd8d-6546-4571-8b58-dbbde1f4b3e0,У126ТК124,У126ТК124,1160086,GET https://vasign.skai.online/media-files/data/{video_file_id},datasets/media/video_events/U126TK124__202605182146__Drowsiness__alarm_6e0414ee__ch5__c389b6d8-3127-4d12-80ff-8c91d7090b97.mp4,downloaded,1160086,200,video/mp4,,U126TK124__202605182146__Drowsiness__alarm_6e0414ee__ch5__c389b6d8-3127-4d12-80ff-8c91d7090b97.mp4,datasets/media/video_events/U126TK124__202605182146__Drowsiness__alarm_6e0414ee__ch5__c389b6d8-3127-4d12-80ff-8c91d7090b97.mp4,10.076000,360,640,h264
